Symbol,Direction,Entry Price,Max Size,Max Size USDT,Realized PnL,Realized PnL %,Open Time,Close Time,Runup,Drawdown
LTCUSDT,Long,93.109 USDT,309.02,"28,772.68 USDT","-2,423.65 USDT",-8.42 %,03/27/2025 19:23 UTC,03/29/2025 18:56 UTC,0.30 % 93.39 USDT,-9.70 % 84.08 USDT
LTCUSDT,Long,92.84 USDT,79.849,"7,413.18 USDT",9.12 USDT,0.12 %,03/27/2025 19:18 UTC,03/27/2025 19:19 UTC,0.19 % 93.02 USDT,
LTCUSDT,Long,92.686 USDT,297.078,"27,535.02 USDT",73.72 USDT,0.27 %,03/27/2025 19:05 UTC,03/27/2025 19:14 UTC,0.34 % 93.00 USDT,-0.06 % 92.63 USDT
LTCUSDT,Short,93.022 USDT,139.955,"-13,018.91 USDT",31.23 USDT,0.24 %,03/27/2025 18:51 UTC,03/27/2025 19:04 UTC,0.30 % 92.74 USDT,
LTCUSDT,Long,92.593 USDT,300.417,"27,816.55 USDT",126.52 USDT,0.45 %,03/27/2025 17:19 UTC,03/27/2025 18:48 UTC,0.55 % 93.10 USDT,-0.52 % 92.11 USDT
LTCUSDT,Short,93.249 USDT,290.451,"-27,084.13 USDT",121.92 USDT,0.45 %,03/27/2025 14:33 UTC,03/27/2025 16:57 UTC,0.51 % 92.78 USDT,-0.86 % 94.06 USDT
LTCUSDT,Long,93.019 USDT,171.997,"15,998.93 USDT",26.74 USDT,0.17 %,03/27/2025 14:28 UTC,03/27/2025 14:31 UTC,0.24 % 93.24 USDT,-0.02 % 93.00 USDT
LTCUSDT,Short,93.162 USDT,278.975,"-25,989.89 USDT",90.24 USDT,0.35 %,03/27/2025 14:17 UTC,03/27/2025 14:24 UTC,0.34 % 92.85 USDT,
LTCUSDT,Short,93.141 USDT,80.532,"7,500.83 USDT",7.66 USDT,0.10 %,03/27/2025 14:16 UTC,03/27/2025 14:17 UTC,,
LTCUSDT,Long,92.816 USDT,198.278,"18,403.46 USDT",43.18 USDT,0.23 %,03/27/2025 14:12 UTC,03/27/2025 14:15 UTC,0.36 % 93.15 USDT,
LTCUSDT,Short,93.199 USDT,248.785,"-23,186.51 USDT",92.79 USDT,0.40 %,03/27/2025 13:57 UTC,03/27/2025 14:11 UTC,0.33 % 92.89 USDT,-0.11 % 93.30 USDT
LTCUSDT,Long,92.619 USDT,266.665,"24,698.32 USDT",124.00 USDT,0.50 %,03/27/2025 13:36 UTC,03/27/2025 13:56 UTC,0.58 % 93.16 USDT,-0.46 % 92.19 USDT
LTCUSDT,Short,93.434 USDT,266.928,"-24,940.12 USDT",107.55 USDT,0.43 %,03/27/2025 01:50 UTC,03/27/2025 13:33 UTC,0.41 % 93.05 USDT,-1.56 % 94.91 USDT
LTCUSDT,Long,93.137 USDT,156.765,"14,600.63 USDT",38.72 USDT,0.27 %,03/27/2025 01:33 UTC,03/27/2025 01:50 UTC,0.34 % 93.45 USDT,-0.09 % 93.05 USDT
LTCUSDT,Short,93.642 USDT,217.143,"-20,333.81 USDT",90.42 USDT,0.44 %,03/27/2025 01:03 UTC,03/27/2025 01:20 UTC,0.44 % 93.23 USDT,-0.06 % 93.70 USDT
LTCUSDT,Long,92.987 USDT,253.457,"23,568.20 USDT",135.06 USDT,0.57 %,03/26/2025 16:52 UTC,03/27/2025 01:03 UTC,0.69 % 93.63 USDT,-2.33 % 90.82 USDT
LTCUSDT,Short,93.305 USDT,145.099,"-13,538.48 USDT",28.39 USDT,0.21 %,03/26/2025 16:27 UTC,03/26/2025 16:52 UTC,0.24 % 93.08 USDT,-0.04 % 93.34 USDT
LTCUSDT,Long,92.762 USDT,202.044,"18,742.02 USDT",93.37 USDT,0.50 %,03/26/2025 16:03 UTC,03/26/2025 16:27 UTC,0.57 % 93.29 USDT,-0.11 % 92.66 USDT
LTCUSDT,Short,93.519 USDT,127.442,"-11,918.29 USDT",19.53 USDT,0.16 %,03/26/2025 15:47 UTC,03/26/2025 15:52 UTC,0.18 % 93.35 USDT,
LTCUSDT,Long,93.029 USDT,214.266,"19,932.86 USDT",79.71 USDT,0.40 %,03/26/2025 15:19 UTC,03/26/2025 15:47 UTC,0.49 % 93.48 USDT,-0.05 % 92.98 USDT
LTCUSDT,Short,93.487 USDT,189.444,"-17,710.54 USDT",62.69 USDT,0.35 %,03/26/2025 15:00 UTC,03/26/2025 15:13 UTC,0.24 % 93.26 USDT,-0.02 % 93.51 USDT
LTCUSDT,Long,93.059 USDT,94.783,"8,820.36 USDT",43.69 USDT,0.50 %,03/26/2025 14:21 UTC,03/26/2025 14:58 UTC,0.59 % 93.61 USDT,-0.26 % 92.82 USDT
LTCUSDT,Short,93.64 USDT,99.271,"-9,295.77 USDT",55.02 USDT,0.59 %,03/25/2025 21:18 UTC,03/26/2025 14:21 UTC,0.41 % 93.26 USDT,-2.85 % 96.39 USDT
LTCUSDT,Short,93.451 USDT,98.651,"-9,219.03 USDT",28.11 USDT,0.30 %,03/25/2025 20:14 UTC,03/25/2025 20:55 UTC,0.31 % 93.16 USDT,-0.13 % 93.57 USDT
LTCUSDT,Short,93.654 USDT,89.431,"-8,375.53 USDT",68.63 USDT,0.82 %,03/25/2025 17:36 UTC,03/25/2025 20:06 UTC,0.27 % 93.40 USDT,-0.19 % 93.83 USDT
LTCUSDT,Short,93.269 USDT,91.358,"-8,520.87 USDT",41.58 USDT,0.49 %,03/25/2025 12:30 UTC,03/25/2025 17:00 UTC,0.52 % 92.79 USDT,-1.31 % 94.51 USDT
LTCUSDT,Short,93.121 USDT,44.72,"4,164.39 USDT",8.75 USDT,0.21 %,03/25/2025 11:54 UTC,03/25/2025 12:06 UTC,0.21 % 92.93 USDT,
LTCUSDT,Long,92.94 USDT,72.977,"6,782.48 USDT",17.82 USDT,0.26 %,03/25/2025 11:04 UTC,03/25/2025 11:47 UTC,0.40 % 93.31 USDT,-0.26 % 92.70 USDT
LTCUSDT,Long,92.764 USDT,116.573,"10,813.75 USDT",36.19 USDT,0.33 %,03/25/2025 09:30 UTC,03/25/2025 10:48 UTC,0.73 % 93.44 USDT,-0.30 % 92.49 USDT
LTCUSDT,Long,92.576 USDT,119.004,"11,016.87 USDT",28.41 USDT,0.26 %,03/25/2025 02:32 UTC,03/25/2025 08:39 UTC,0.33 % 92.88 USDT,-0.81 % 91.83 USDT
LTCUSDT,Short,93.637 USDT,113.661,"-10,608.27 USDT",84.76 USDT,0.80 %,03/24/2025 09:46 UTC,03/25/2025 02:31 UTC,0.90 % 92.80 USDT,-1.94 % 95.49 USDT
LTCUSDT,Long,92.255 USDT,110.577,"10,201.25 USDT",63.68 USDT,0.62 %,03/21/2025 20:50 UTC,03/24/2025 05:00 UTC,0.73 % 92.93 USDT,-2.09 % 90.33 USDT
LTCUSDT,Long,92.363 USDT,88.505,"8,174.62 USDT",29.30 USDT,0.36 %,03/21/2025 19:38 UTC,03/21/2025 20:30 UTC,0.43 % 92.76 USDT,-0.20 % 92.18 USDT
LTCUSDT,Short,93.336 USDT,104.857,"-9,786.98 USDT",56.16 USDT,0.57 %,03/21/2025 15:13 UTC,03/21/2025 18:07 UTC,0.77 % 92.62 USDT,-0.52 % 93.82 USDT
ETHUSDT,Short,"2,741.268 USDT",0.248,-679.83 USDT,-10.02 USDT,-1.47 %,02/03/2025 16:01 UTC,02/06/2025 12:48 UTC,"3.77 % 2,641 USDT","-3.86 % 2,851 USDT"
LTCUSDT,Short,102.366 USDT,61.706,"-6,316.62 USDT","-1,462.57 USDT",-23.15 %,01/15/2025 13:14 UTC,01/16/2025 15:56 UTC,0.85 % 101.50 USDT,-18.76 % 126.00 USDT
LTCUSDT,Short,101.313 USDT,58.775,"-5,954.69 USDT",23.08 USDT,0.39 %,01/15/2025 11:48 UTC,01/15/2025 12:26 UTC,0.43 % 100.88 USDT,-0.01 % 101.32 USDT
LTCUSDT,Long,96.471 USDT,143.597,"13,852.90 USDT",170.32 USDT,1.23 %,01/13/2025 10:11 UTC,01/13/2025 21:44 UTC,1.77 % 98.18 USDT,-4.51 % 92.12 USDT
LTCUSDT,Short,101.629 USDT,317.534,"-32,270.62 USDT",70.09 USDT,0.22 %,01/09/2025 20:26 UTC,01/13/2025 06:58 UTC,0.93 % 100.69 USDT,-3.82 % 105.67 USDT
LTCUSDT,Long,100.878 USDT,197,"19,872.91 USDT",81.09 USDT,0.41 %,01/09/2025 20:21 UTC,01/09/2025 20:25 UTC,0.48 % 101.36 USDT,-0.23 % 100.65 USDT
LTCUSDT,Short,101.726 USDT,301.98,"-30,855.17 USDT",234.55 USDT,0.76 %,01/09/2025 15:02 UTC,01/09/2025 20:20 UTC,0.42 % 101.30 USDT,-3.58 % 105.50 USDT
LTCUSDT,Long,101.91 USDT,0.054,5.50 USDT,0.01 USDT,0.20 %,01/09/2025 14:53 UTC,01/09/2025 15:03 UTC,0.73 % 102.65 USDT,
LTCUSDT,Short,102.37 USDT,73.522,"7,526.45 USDT",34.46 USDT,0.46 %,01/09/2025 14:48 UTC,01/09/2025 14:53 UTC,0.29 % 102.07 USDT,
LTCUSDT,Long,101.611 USDT,198.487,"20,168.41 USDT",126.65 USDT,0.63 %,01/09/2025 14:28 UTC,01/09/2025 14:48 UTC,0.79 % 102.41 USDT,-0.18 % 101.43 USDT
LTCUSDT,Long,100.808 USDT,253.964,"25,601.65 USDT",226.29 USDT,0.88 %,01/09/2025 13:54 UTC,01/09/2025 14:12 UTC,0.95 % 101.77 USDT,-0.99 % 99.81 USDT
LTCUSDT,Short,103.127 USDT,264.694,"-27,297.12 USDT",129.94 USDT,0.48 %,01/09/2025 10:53 UTC,01/09/2025 13:34 UTC,0.50 % 102.61 USDT,-0.93 % 104.10 USDT
LTCUSDT,Long,102.052 USDT,200,"20,410.47 USDT",199.22 USDT,0.98 %,01/09/2025 10:44 UTC,01/09/2025 10:53 UTC,1.07 % 103.14 USDT,-0.08 % 101.97 USDT
LTCUSDT,Short,103.046 USDT,196.753,"-20,274.52 USDT",85.36 USDT,0.42 %,01/09/2025 09:56 UTC,01/09/2025 10:18 UTC,0.39 % 102.65 USDT,-0.08 % 103.13 USDT
LTCUSDT,Long,102.42 USDT,350,"35,847.00 USDT",97.46 USDT,0.27 %,01/08/2025 16:32 UTC,01/09/2025 09:41 UTC,0.91 % 103.35 USDT,-5.17 % 97.13 USDT
LTCUSDT,Short,102.962 USDT,335.869,"-34,581.58 USDT",70.46 USDT,0.20 %,01/08/2025 16:10 UTC,01/08/2025 16:24 UTC,0.42 % 102.53 USDT,
LTCUSDT,Long,102.425 USDT,200,"20,485.00 USDT",70.68 USDT,0.35 %,01/08/2025 16:01 UTC,01/08/2025 16:10 UTC,0.62 % 103.06 USDT,-0.13 % 102.29 USDT
LTCUSDT,Short,102.81 USDT,200,"-20,562.00 USDT",57.68 USDT,0.28 %,01/08/2025 15:59 UTC,01/08/2025 16:01 UTC,0.18 % 102.63 USDT,
LTCUSDT,Long,102.267 USDT,327.083,"33,449.79 USDT",137.96 USDT,0.41 %,01/08/2025 15:14 UTC,01/08/2025 15:59 UTC,0.52 % 102.80 USDT,-0.79 % 101.46 USDT
LTCUSDT,Short,103.145 USDT,100,"-10,314.50 USDT",26.32 USDT,0.26 %,01/08/2025 15:07 UTC,01/08/2025 15:10 UTC,0.16 % 102.98 USDT,
LTCUSDT,Long,102.369 USDT,308.288,"31,559.09 USDT",194.08 USDT,0.61 %,01/08/2025 14:16 UTC,01/08/2025 15:05 UTC,0.79 % 103.18 USDT,-0.39 % 101.97 USDT
LTCUSDT,Short,101.81 USDT,9.767,994.38 USDT,4.68 USDT,0.47 %,12/22/2024 17:14 UTC,12/22/2024 17:25 UTC,0.37 % 101.43 USDT,
LTCUSDT,Short,102.86 USDT,14.175,"-1,458.04 USDT",4.94 USDT,0.34 %,12/22/2024 13:13 UTC,12/22/2024 13:49 UTC,0.23 % 102.62 USDT,-0.14 % 103.00 USDT
LTCUSDT,Long,136.579 USDT,136.482,"18,640.59 USDT","-1,827.09 USDT",-9.80 %,12/07/2024 15:34 UTC,12/09/2024 09:23 UTC,0.78 % 137.65 USDT,-9.93 % 123.01 USDT
LTCUSDT,Short,137.063 USDT,138.124,"-18,931.71 USDT",102.37 USDT,0.54 %,12/07/2024 14:56 UTC,12/07/2024 15:20 UTC,0.43 % 136.47 USDT,-0.20 % 137.34 USDT
LTCUSDT,Short,137.097 USDT,122.287,"-16,765.23 USDT",106.85 USDT,0.64 %,12/07/2024 12:21 UTC,12/07/2024 14:13 UTC,0.53 % 136.37 USDT,-0.86 % 138.29 USDT
LTCUSDT,Short,137.58 USDT,99.004,"-13,620.95 USDT",93.80 USDT,0.69 %,12/07/2024 08:49 UTC,12/07/2024 10:39 UTC,0.60 % 136.76 USDT,-0.72 % 138.58 USDT
LTCUSDT,Long,135.825 USDT,116.463,"15,818.59 USDT",117.99 USDT,0.75 %,12/07/2024 02:56 UTC,12/07/2024 06:32 UTC,0.89 % 137.03 USDT,-1.06 % 134.38 USDT
LTCUSDT,Short,136.987 USDT,100.826,"-13,811.87 USDT",72.10 USDT,0.52 %,12/07/2024 02:11 UTC,12/07/2024 02:48 UTC,0.56 % 136.22 USDT,-0.33 % 137.44 USDT
LTCUSDT,Long,135.596 USDT,103.965,"14,097.26 USDT",132.24 USDT,0.94 %,12/06/2024 20:52 UTC,12/07/2024 00:57 UTC,1.09 % 137.07 USDT,-0.95 % 134.31 USDT
LTCUSDT,Short,137.179 USDT,94.8,"-13,004.53 USDT",130.29 USDT,1.00 %,12/06/2024 19:06 UTC,12/06/2024 20:46 UTC,0.64 % 136.31 USDT,
LTCUSDT,Short,136.203 USDT,72.536,"-9,879.65 USDT",39.30 USDT,0.40 %,12/06/2024 17:53 UTC,12/06/2024 18:32 UTC,0.42 % 135.63 USDT,-0.20 % 136.48 USDT
LTCUSDT,Long,133.48 USDT,50.655,"6,761.42 USDT",135.21 USDT,2.00 %,12/06/2024 17:01 UTC,12/06/2024 17:53 UTC,2.38 % 136.65 USDT,-0.13 % 133.30 USDT
LTCUSDT,Short,134.395 USDT,57.617,"7,743.46 USDT",52.71 USDT,0.68 %,12/06/2024 15:33 UTC,12/06/2024 17:02 UTC,1.62 % 132.25 USDT,
LTCUSDT,Short,134.11 USDT,11.556,"1,549.78 USDT",7.16 USDT,0.46 %,12/06/2024 14:44 UTC,12/06/2024 15:29 UTC,0.68 % 133.20 USDT,-0.13 % 134.29 USDT
LTCUSDT,Short,134.016 USDT,36.104,"4,838.50 USDT",22.94 USDT,0.47 %,12/06/2024 14:35 UTC,12/06/2024 14:40 UTC,0.21 % 133.74 USDT,
LTCUSDT,Long,132.901 USDT,69.425,"9,226.69 USDT",79.03 USDT,0.86 %,12/06/2024 09:56 UTC,12/06/2024 14:35 UTC,1.21 % 134.51 USDT,-2.12 % 130.08 USDT
LTCUSDT,Long,136.76 USDT,31.436,"4,299.19 USDT",58.07 USDT,1.35 %,12/05/2024 20:30 UTC,12/06/2024 00:25 UTC,1.42 % 138.70 USDT,-5.77 % 128.87 USDT
LTCUSDT,Short,140.797 USDT,50.366,"-7,091.37 USDT",139.42 USDT,1.97 %,12/05/2024 12:23 UTC,12/05/2024 20:17 UTC,2.37 % 137.54 USDT,-3.76 % 146.30 USDT
LTCUSDT,Short,137.17 USDT,11.428,"1,567.58 USDT",6.26 USDT,0.40 %,12/05/2024 12:01 UTC,12/05/2024 12:01 UTC,,
LTCUSDT,Long,127.66 USDT,15.981,"2,040.13 USDT",21.46 USDT,1.05 %,12/05/2024 06:42 UTC,12/05/2024 07:53 UTC,1.12 % 129.09 USDT,-0.03 % 127.62 USDT
LTCUSDT,Short,131.392 USDT,44.546,"-5,852.99 USDT",114.65 USDT,1.96 %,12/04/2024 18:24 UTC,12/05/2024 01:05 UTC,1.36 % 129.63 USDT,-2.69 % 135.03 USDT
LTCUSDT,Long,125.15 USDT,2.835,354.80 USDT,2.62 USDT,0.74 %,12/04/2024 17:37 UTC,12/04/2024 18:01 UTC,0.83 % 126.19 USDT,-1.09 % 123.79 USDT
LTCUSDT,Long,88.321 USDT,"4,488.885","396,464.11 USDT","1,970 USDT",0.50 %,11/21/2024 15:04 UTC,11/21/2024 17:32 UTC,0.75 % 88.98 USDT,-1.37 % 87.11 USDT
LTCUSDT,Short,89.716 USDT,"1,250","-112,144.48 USDT",452.67 USDT,0.40 %,11/21/2024 14:48 UTC,11/21/2024 15:03 UTC,0.52 % 89.25 USDT,
LTCUSDT,Long,89.255 USDT,500,"44,627.50 USDT",210.15 USDT,0.47 %,11/21/2024 14:40 UTC,11/21/2024 14:46 UTC,0.54 % 89.74 USDT,-0.24 % 89.04 USDT
LTCUSDT,Short,90.426 USDT,"4,200","-378,725.47 USDT","5,914 USDT",1.56 %,11/21/2024 11:42 UTC,11/21/2024 14:40 UTC,1.28 % 89.28 USDT,-0.60 % 90.97 USDT
LTCUSDT,Short,90.207 USDT,"2,250","-202,964.89 USDT","1,022 USDT",0.50 %,11/21/2024 11:07 UTC,11/21/2024 11:37 UTC,0.54 % 89.72 USDT,
LTCUSDT,Long,89.322 USDT,"1,941.346","173,403.94 USDT","1,281 USDT",0.74 %,11/21/2024 10:53 UTC,11/21/2024 11:07 UTC,1.08 % 90.29 USDT,-0.10 % 89.23 USDT
LTCUSDT,Long,89.061 USDT,"3,421.974","304,764.46 USDT","1,502 USDT",0.49 %,11/21/2024 10:00 UTC,11/21/2024 10:51 UTC,1.03 % 89.98 USDT,-0.48 % 88.63 USDT
LTCUSDT,Short,90.065 USDT,"3,150","-283,703.88 USDT","1,606 USDT",0.57 %,11/21/2024 06:41 UTC,11/21/2024 09:57 UTC,0.57 % 89.55 USDT,-1.14 % 91.10 USDT
LTCUSDT,Long,83.098 USDT,"4,950","415,970.71 USDT","11,297 USDT",2.72 %,11/20/2024 17:56 UTC,11/21/2024 05:31 UTC,5.68 % 87.82 USDT,-0.88 % 82.37 USDT
CHZUSDT,Long,0.072 USDT,"521,715","37,637.20 USDT",81.05 USDT,0.22 %,11/20/2024 16:47 UTC,11/20/2024 20:33 UTC,1.45 % 0.07 USDT,-2.47 % 0.07 USDT
LTCUSDT,Long,84.304 USDT,"4,155.935","350,360.08 USDT","1,491 USDT",0.43 %,11/20/2024 17:19 UTC,11/20/2024 17:53 UTC,0.73 % 84.92 USDT,-0.17 % 84.16 USDT
LTCUSDT,Short,85.022 USDT,500,"-42,511.11 USDT",270.67 USDT,0.64 %,11/20/2024 17:06 UTC,11/20/2024 17:13 UTC,0.31 % 84.76 USDT,
LTCUSDT,Long,84.189 USDT,"3,050","256,777.56 USDT","1,900 USDT",0.74 %,11/20/2024 16:38 UTC,11/20/2024 17:05 UTC,1.21 % 85.21 USDT,-0.27 % 83.96 USDT
LTCUSDT,Short,86.299 USDT,"1,899.433","-163,919.80 USDT","1,707 USDT",1.04 %,11/20/2024 15:15 UTC,11/20/2024 16:14 UTC,0.81 % 85.61 USDT,-0.23 % 86.50 USDT
LTCUSDT,Long,85.863 USDT,"1,050.797","90,224.34 USDT",279.11 USDT,0.31 %,11/20/2024 15:10 UTC,11/20/2024 15:15 UTC,0.54 % 86.33 USDT,
LTCUSDT,Short,86.756 USDT,"3,900","-338,349.71 USDT","1,974 USDT",0.58 %,11/20/2024 13:20 UTC,11/20/2024 15:10 UTC,0.55 % 86.28 USDT,-1.01 % 87.64 USDT
LTCUSDT,Long,85.434 USDT,"3,150","269,452.86 USDT","1,535 USDT",0.57 %,11/20/2024 12:41 UTC,11/20/2024 13:17 UTC,0.91 % 86.21 USDT,-0.25 % 85.22 USDT
LTCUSDT,Short,86.29 USDT,"1,387.22","-119,703.13 USDT",233.35 USDT,0.19 %,11/20/2024 12:21 UTC,11/20/2024 12:40 UTC,0.23 % 86.09 USDT,
LTCUSDT,Long,85.525 USDT,"3,450","295,061.66 USDT","1,758 USDT",0.60 %,11/20/2024 10:56 UTC,11/20/2024 12:15 UTC,1.13 % 86.49 USDT,-0.50 % 85.10 USDT
LTCUSDT,Long,85.755 USDT,"1,000","85,755.00 USDT",113.50 USDT,0.13 %,11/20/2024 10:50 UTC,11/20/2024 10:53 UTC,0.20 % 85.93 USDT,-0.01 % 85.75 USDT
LTCUSDT,Short,83.925 USDT,550,"-46,159.00 USDT","-4,844.21 USDT",-10.49 %,11/16/2024 04:28 UTC,11/16/2024 14:54 UTC,,-9.17 % 92.40 USDT
CHZUSDT,Long,0.068 USDT,"100,959","6,905.61 USDT",92.74 USDT,1.34 %,11/14/2024 13:05 UTC,11/16/2024 09:47 UTC,1.56 % 0.07 USDT,-1.01 % 0.07 USDT
CHZUSDT,Long,0.067 USDT,"20,185","1,352.53 USDT",-41.91 USDT,-3.10 %,11/13/2024 17:19 UTC,11/13/2024 19:19 UTC,0.78 % 0.07 USDT,-3.89 % 0.06 USDT
CHZUSDT,Long,0.067 USDT,"16,656","1,116.28 USDT",3.16 USDT,0.28 %,11/13/2024 16:36 UTC,11/13/2024 17:15 UTC,0.91 % 0.07 USDT,-0.45 % 0.07 USDT
CHZUSDT,Long,0.066 USDT,"18,174","1,197.67 USDT",-27.06 USDT,-2.26 %,11/12/2024 15:45 UTC,11/12/2024 16:13 UTC,0.46 % 0.07 USDT,-2.44 % 0.06 USDT
LTCUSDT,Short,69.599 USDT,101.183,"-7,042.28 USDT",-141.94 USDT,-2.02 %,11/06/2024 18:28 UTC,11/07/2024 12:23 UTC,,-3.63 % 72.22 USDT
LTCUSDT,Short,69.444 USDT,101.562,"-7,052.84 USDT",31.70 USDT,0.45 %,11/06/2024 08:43 UTC,11/06/2024 17:22 UTC,0.41 % 69.16 USDT,-1.18 % 70.27 USDT
LTCUSDT,Long,69.048 USDT,88.774,"6,129.64 USDT",27.09 USDT,0.44 %,11/06/2024 08:13 UTC,11/06/2024 08:42 UTC,0.57 % 69.44 USDT,-0.85 % 68.46 USDT
LTCUSDT,Long,69.073 USDT,86.771,"5,993.52 USDT",75.97 USDT,1.27 %,11/02/2024 23:13 UTC,11/06/2024 04:16 UTC,1.34 % 70.00 USDT,-6.78 % 64.39 USDT
LTCUSDT,Short,69.35 USDT,54.837,"-3,802.94 USDT",11.97 USDT,0.31 %,11/02/2024 22:28 UTC,11/02/2024 23:13 UTC,0.42 % 69.06 USDT,-0.06 % 69.39 USDT
LTCUSDT,Long,69.16 USDT,31.299,"2,164.64 USDT",4.33 USDT,0.20 %,11/02/2024 22:06 UTC,11/02/2024 22:28 UTC,0.27 % 69.35 USDT,
LTCUSDT,Short,69.36 USDT,43.163,"-2,993.79 USDT",8.94 USDT,0.30 %,11/02/2024 21:17 UTC,11/02/2024 22:06 UTC,0.39 % 69.09 USDT,
LTCUSDT,Long,69.051 USDT,73.162,"5,051.94 USDT",21.00 USDT,0.42 %,11/02/2024 18:11 UTC,11/02/2024 20:11 UTC,0.52 % 69.41 USDT,-0.15 % 68.95 USDT
LTCUSDT,Short,69.513 USDT,59.529,"-4,138.04 USDT",22.71 USDT,0.55 %,11/02/2024 15:39 UTC,11/02/2024 18:09 UTC,0.54 % 69.14 USDT,-0.30 % 69.72 USDT
LTCUSDT,Short,69.252 USDT,71.907,"-4,979.68 USDT",7.02 USDT,0.14 %,11/01/2024 11:15 UTC,11/02/2024 15:04 UTC,0.38 % 68.99 USDT,-2.78 % 71.23 USDT
LTCUSDT,Long,68.87 USDT,79.392,"5,467.73 USDT",1.25 USDT,0.02 %,11/01/2024 10:23 UTC,11/01/2024 10:40 UTC,0.23 % 69.03 USDT,-0.10 % 68.80 USDT
LTCUSDT,Short,68.657 USDT,809.507,"-55,578.38 USDT",33.73 USDT,0.06 %,11/01/2024 08:29 UTC,11/01/2024 10:09 UTC,0.02 % 68.64 USDT,-0.16 % 68.77 USDT
LTCUSDT,Long,68.345 USDT,"1,164.401","79,580.49 USDT",203.95 USDT,0.26 %,11/01/2024 06:00 UTC,11/01/2024 08:20 UTC,0.36 % 68.59 USDT,-0.94 % 67.70 USDT
LTCUSDT,Long,68.621 USDT,"1,050","72,052.50 USDT",504.04 USDT,0.70 %,10/31/2024 21:59 UTC,11/01/2024 03:03 UTC,0.84 % 69.20 USDT,-0.80 % 68.07 USDT
LTCUSDT,Long,68.71 USDT,43.504,"2,989.16 USDT",17.57 USDT,0.59 %,10/31/2024 21:02 UTC,10/31/2024 21:38 UTC,0.67 % 69.17 USDT,
LTCUSDT,Short,69.365 USDT,"1,411.773","-97,927.59 USDT",241.22 USDT,0.25 %,10/27/2024 08:54 UTC,10/31/2024 20:51 UTC,1.17 % 68.56 USDT,-6.59 % 74.26 USDT
LTCUSDT,Long,68.639 USDT,"1,393.245","95,646.42 USDT",549.52 USDT,0.57 %,10/26/2024 12:51 UTC,10/27/2024 08:48 UTC,0.71 % 69.13 USDT,-1.02 % 67.94 USDT
LTCUSDT,Short,68.897 USDT,"1,523.971","-104,996.90 USDT",157.92 USDT,0.15 %,10/26/2024 02:17 UTC,10/26/2024 12:47 UTC,0.35 % 68.66 USDT,-1.01 % 69.60 USDT
LTCUSDT,Long,68.574 USDT,122.686,"8,413.13 USDT",7.90 USDT,0.09 %,10/26/2024 02:11 UTC,10/26/2024 02:17 UTC,0.23 % 68.73 USDT,-0.02 % 68.56 USDT
LTCUSDT,Short,69.785 USDT,"1,378.955","-96,230.39 USDT","1,581 USDT",1.64 %,10/24/2024 11:29 UTC,10/26/2024 02:10 UTC,3.68 % 67.31 USDT,-3.36 % 72.21 USDT
LTCUSDT,Long,69.495 USDT,"1,100","76,438.00 USDT",233.44 USDT,0.31 %,10/24/2024 08:50 UTC,10/24/2024 11:27 UTC,0.48 % 69.83 USDT,-0.35 % 69.25 USDT
LTCUSDT,Short,70.238 USDT,"1,640.03","-115,191.82 USDT",791.41 USDT,0.69 %,10/23/2024 22:52 UTC,10/24/2024 08:49 UTC,0.76 % 69.71 USDT,-0.32 % 70.46 USDT
LTCUSDT,Long,68.962 USDT,"1,483.976","102,337.51 USDT","1,094 USDT",1.07 %,10/21/2024 15:01 UTC,10/23/2024 22:43 UTC,1.39 % 69.92 USDT,-1.67 % 67.81 USDT
LTCUSDT,Long,72.511 USDT,47.322,"3,431.38 USDT",22.48 USDT,0.66 %,10/21/2024 11:56 UTC,10/21/2024 13:21 UTC,0.73 % 73.04 USDT,-0.59 % 72.08 USDT
LTCUSDT,Long,74.248 USDT,43.005,"3,193.02 USDT",9.80 USDT,0.31 %,10/20/2024 19:31 UTC,10/21/2024 00:23 UTC,0.43 % 74.57 USDT,-0.93 % 73.56 USDT
LTCUSDT,Long,74.17 USDT,11.776,873.43 USDT,1.71 USDT,0.20 %,10/20/2024 19:08 UTC,10/20/2024 19:22 UTC,0.35 % 74.43 USDT,
LTCUSDT,Short,74.554 USDT,43.371,"-3,233.46 USDT",15.20 USDT,0.47 %,10/20/2024 08:29 UTC,10/20/2024 19:01 UTC,0.44 % 74.23 USDT,-1.35 % 75.57 USDT
LTCUSDT,Long,74.06 USDT,11.162,826.66 USDT,0.84 USDT,0.10 %,10/20/2024 07:50 UTC,10/20/2024 08:02 UTC,0.18 % 74.19 USDT,
LTCUSDT,Short,74.975 USDT,40.352,"-3,025.38 USDT",13.71 USDT,0.45 %,10/19/2024 20:54 UTC,10/20/2024 02:46 UTC,0.52 % 74.59 USDT,-0.47 % 75.33 USDT
LTCUSDT,Short,74.88 USDT,5.9,441.79 USDT,0.15 USDT,0.03 %,10/19/2024 20:46 UTC,10/19/2024 20:53 UTC,0.05 % 74.84 USDT,
LTCUSDT,Short,75.318 USDT,28.023,"-2,110.63 USDT",5.39 USDT,0.26 %,10/19/2024 19:36 UTC,10/19/2024 20:35 UTC,0.24 % 75.14 USDT,-0.02 % 75.33 USDT
LTCUSDT,Short,65.64 USDT,7.821,-513.37 USDT,-2.34 USDT,-0.46 %,09/21/2024 12:22 UTC,09/21/2024 14:11 UTC,,-0.56 % 66.01 USDT
LTCUSDT,Short,65.393 USDT,7.534,-492.67 USDT,1.24 USDT,0.25 %,09/20/2024 21:14 UTC,09/20/2024 22:53 UTC,0.36 % 65.16 USDT,-0.07 % 65.44 USDT
LTCUSDT,Short,63.887 USDT,16.941,"-1,082.31 USDT",-17.98 USDT,-1.66 %,09/18/2024 18:59 UTC,09/19/2024 08:57 UTC,0.33 % 63.68 USDT,-2.24 % 65.35 USDT
LTCUSDT,Short,61.263 USDT,26.411,"-1,618.02 USDT",5.98 USDT,0.37 %,09/10/2024 17:17 UTC,09/11/2024 01:32 UTC,0.25 % 61.11 USDT,-0.72 % 61.71 USDT
LTCUSDT,Long,60.817 USDT,20.358,"1,238.11 USDT",6.65 USDT,0.54 %,09/10/2024 16:12 UTC,09/10/2024 17:11 UTC,0.68 % 61.23 USDT,-0.11 % 60.75 USDT
LTCUSDT,Long,60.925 USDT,22.789,"1,388.42 USDT",4.98 USDT,0.36 %,09/10/2024 13:55 UTC,09/10/2024 15:32 UTC,0.44 % 61.19 USDT,-0.81 % 60.43 USDT
LTCUSDT,Short,65.917 USDT,6.803,-448.43 USDT,0.93 USDT,0.21 %,08/31/2024 10:50 UTC,08/31/2024 12:10 UTC,0.36 % 65.68 USDT,-0.10 % 65.98 USDT
BTCUSDT,Long,"63,377.952 USDT",0.067,"4,246.32 USDT",-153.42 USDT,-3.61 %,08/26/2024 11:08 UTC,08/27/2024 21:33 UTC,"0.93 % 63,970 USDT","-3.61 % 61,090 USDT"
BTCUSDT,Long,"63,727.8 USDT",0.037,"2,357.93 USDT",1.11 USDT,0.05 %,08/26/2024 11:00 UTC,08/26/2024 11:08 UTC,"0.15 % 63,821 USDT","-0.05 % 63,699 USDT"
BTCUSDT,Long,"63,663.133 USDT",0.027,"1,718.90 USDT",6.02 USDT,0.35 %,08/26/2024 09:39 UTC,08/26/2024 10:13 UTC,"0.50 % 63,980 USDT","-0.13 % 63,579 USDT"
BTCUSDT,Short,"64,039.167 USDT",0.033,"-2,113.29 USDT",2.94 USDT,0.14 %,08/25/2024 13:46 UTC,08/26/2024 05:37 UTC,"0.31 % 63,838 USDT","-1.26 % 64,858 USDT"
BTCUSDT,Long,"63,862.467 USDT",0.018,"1,149.52 USDT",2.02 USDT,0.18 %,08/25/2024 13:15 UTC,08/25/2024 13:25 UTC,"0.31 % 64,058 USDT","0.00 % 63,860 USDT"
BTCUSDT,Short,"63,851.759 USDT",0.022,"-1,404.74 USDT",0.50 USDT,0.04 %,08/25/2024 09:36 UTC,08/25/2024 12:20 UTC,"0.06 % 63,815 USDT","-0.17 % 63,958 USDT"
BTCUSDT,Short,"64,173.1 USDT",0.017,"1,090.94 USDT",2.25 USDT,0.21 %,08/25/2024 02:44 UTC,08/25/2024 06:10 UTC,"0.31 % 63,977 USDT",
BTCUSDT,Short,"64,016.084 USDT",0.019,"-1,216.31 USDT",1.83 USDT,0.15 %,08/24/2024 21:13 UTC,08/24/2024 21:27 UTC,"0.17 % 63,908 USDT","-0.15 % 64,115 USDT"
BTCUSDT,Short,"64,037.013 USDT",0.015,-960.56 USDT,1.31 USDT,0.14 %,08/24/2024 18:19 UTC,08/24/2024 21:09 UTC,"0.15 % 63,941 USDT","-0.42 % 64,308 USDT"
BTCUSDT,Short,"64,066.127 USDT",0.011,-704.73 USDT,1.04 USDT,0.15 %,08/24/2024 15:52 UTC,08/24/2024 17:57 UTC,"0.05 % 64,033 USDT","-0.38 % 64,313 USDT"
BTCUSDT,Short,"64,016.1 USDT",0.009,576.14 USDT,0.67 USDT,0.12 %,08/24/2024 15:16 UTC,08/24/2024 15:40 UTC,"0.05 % 63,985 USDT","-0.11 % 64,086 USDT"
LTCUSDT,Short,64.081 USDT,586.665,"-37,594.33 USDT",115.13 USDT,0.31 %,08/20/2024 18:07 UTC,08/21/2024 06:53 UTC,0.43 % 63.81 USDT,-1.19 % 64.85 USDT
LTCUSDT,Long,63.731 USDT,400,"25,492.50 USDT",54.22 USDT,0.21 %,08/20/2024 17:35 UTC,08/20/2024 18:04 UTC,0.42 % 64.00 USDT,-0.11 % 63.66 USDT
LTCUSDT,Short,64.064 USDT,302.486,"-19,378.35 USDT",42.46 USDT,0.22 %,08/20/2024 17:25 UTC,08/20/2024 17:35 UTC,0.21 % 63.93 USDT,
LTCUSDT,Long,63.466 USDT,450.045,"28,562.35 USDT",118.51 USDT,0.41 %,08/20/2024 16:19 UTC,08/20/2024 17:13 UTC,0.70 % 63.91 USDT,-0.09 % 63.41 USDT
LTCUSDT,Short,65.142 USDT,804.49,"-52,406.19 USDT",153.60 USDT,0.29 %,08/16/2024 12:49 UTC,08/20/2024 16:18 UTC,2.98 % 63.26 USDT,-4.27 % 68.05 USDT
LTCUSDT,Long,64.477 USDT,378.116,"24,379.85 USDT",22.01 USDT,0.09 %,08/16/2024 12:36 UTC,08/16/2024 12:49 UTC,0.21 % 64.61 USDT,-0.37 % 64.24 USDT
LTCUSDT,Long,64.63 USDT,22.97,"1,484.55 USDT",3.24 USDT,0.22 %,08/16/2024 12:35 UTC,08/16/2024 12:36 UTC,,
LTCUSDT,Short,65.301 USDT,787.997,"-51,457.37 USDT",196.54 USDT,0.38 %,08/12/2024 21:58 UTC,08/16/2024 12:30 UTC,0.28 % 65.12 USDT,-0.53 % 65.65 USDT
LTCUSDT,Long,60.669 USDT,16.382,993.87 USDT,4.34 USDT,0.44 %,08/12/2024 21:26 UTC,08/12/2024 21:57 UTC,0.60 % 61.03 USDT,-0.06 % 60.63 USDT
LTCUSDT,Short,61.2 USDT,35.412,"2,167.21 USDT",10.03 USDT,0.46 %,08/12/2024 19:31 UTC,08/12/2024 20:56 UTC,0.53 % 60.88 USDT,-0.23 % 61.34 USDT
LTCUSDT,Short,61.404 USDT,33.061,"-2,030.07 USDT",9.82 USDT,0.48 %,08/12/2024 16:35 UTC,08/12/2024 18:45 UTC,0.30 % 61.22 USDT,-0.88 % 61.95 USDT
LTCUSDT,Long,60.94 USDT,27.443,"1,672.38 USDT",10.79 USDT,0.65 %,08/12/2024 15:28 UTC,08/12/2024 15:59 UTC,0.75 % 61.40 USDT,-0.33 % 60.74 USDT
LTCUSDT,Short,61.4 USDT,26.117,"1,603.58 USDT",8.70 USDT,0.54 %,08/12/2024 14:44 UTC,08/12/2024 15:23 UTC,0.20 % 61.28 USDT,-0.37 % 61.63 USDT
LTCUSDT,Short,61.43 USDT,24.935,"1,531.76 USDT",7.06 USDT,0.46 %,08/12/2024 11:31 UTC,08/12/2024 12:18 UTC,0.15 % 61.34 USDT,-0.60 % 61.80 USDT
LTCUSDT,Long,60.8 USDT,24.602,"1,495.80 USDT",7.46 USDT,0.50 %,08/12/2024 10:43 UTC,08/12/2024 11:02 UTC,0.56 % 61.14 USDT,-0.07 % 60.76 USDT
LTCUSDT,Long,60.56 USDT,23.549,"1,426.13 USDT",6.68 USDT,0.47 %,08/12/2024 09:22 UTC,08/12/2024 10:21 UTC,0.54 % 60.89 USDT,-0.40 % 60.32 USDT
LTCUSDT,Short,60.821 USDT,10.167,618.37 USDT,1.07 USDT,0.17 %,08/12/2024 08:05 UTC,08/12/2024 08:47 UTC,0.17 % 60.72 USDT,-0.28 % 60.99 USDT
LTCUSDT,Long,60.326 USDT,19.72,"1,189.62 USDT",10.22 USDT,0.86 %,08/11/2024 19:25 UTC,08/12/2024 07:34 UTC,0.99 % 60.92 USDT,-2.61 % 58.75 USDT
LTCUSDT,Long,60.54 USDT,12.562,760.50 USDT,10.22 USDT,1.34 %,08/11/2024 16:54 UTC,08/11/2024 17:51 UTC,1.52 % 61.46 USDT,-0.07 % 60.50 USDT
LTCUSDT,Short,61.13 USDT,13.793,-843.17 USDT,8.60 USDT,1.02 %,08/10/2024 19:42 UTC,08/11/2024 14:48 UTC,0.96 % 60.55 USDT,-1.58 % 62.11 USDT
LTCUSDT,Short,59.855 USDT,152.932,"-9,153.70 USDT",-69.02 USDT,-0.75 %,08/08/2024 14:01 UTC,08/09/2024 09:52 UTC,0.14 % 59.77 USDT,-3.10 % 61.77 USDT
LTCUSDT,Short,58.05 USDT,11.116,645.28 USDT,5.73 USDT,0.89 %,08/08/2024 02:31 UTC,08/08/2024 13:51 UTC,0.57 % 57.72 USDT,-1.53 % 58.95 USDT
LTCUSDT,Long,56.89 USDT,10.677,607.41 USDT,5.72 USDT,0.94 %,08/07/2024 16:29 UTC,08/08/2024 01:44 UTC,1.05 % 57.49 USDT,-3.13 % 55.11 USDT
LTCUSDT,Short,58.87 USDT,9.144,538.31 USDT,6.72 USDT,1.25 %,08/06/2024 16:15 UTC,08/06/2024 22:27 UTC,1.06 % 58.25 USDT,-0.52 % 59.18 USDT
LTCUSDT,Long,66.13 USDT,100,"6,613.00 USDT",-629.78 USDT,-9.52 %,08/03/2024 14:36 UTC,08/05/2024 00:55 UTC,0.18 % 66.25 USDT,-9.89 % 59.59 USDT
LTCUSDT,Long,66.18 USDT,99.23,"6,567.06 USDT",5.96 USDT,0.09 %,08/03/2024 13:45 UTC,08/03/2024 14:17 UTC,0.18 % 66.30 USDT,-0.24 % 66.02 USDT
LTCUSDT,Long,66.115 USDT,50,"3,305.75 USDT",5.76 USDT,0.17 %,08/03/2024 13:08 UTC,08/03/2024 13:34 UTC,0.31 % 66.32 USDT,-0.11 % 66.04 USDT
LTCUSDT,Short,67.779 USDT,184.683,"-12,517.59 USDT",29.21 USDT,0.23 %,08/01/2024 20:47 UTC,08/02/2024 08:20 UTC,0.40 % 67.51 USDT,-3.01 % 69.88 USDT
LTCUSDT,Long,67.447 USDT,36.427,"2,456.89 USDT",2.65 USDT,0.11 %,08/01/2024 20:43 UTC,08/01/2024 20:47 UTC,0.36 % 67.69 USDT,-0.01 % 67.44 USDT
LTCUSDT,Long,67.204 USDT,172.685,"11,605.09 USDT",26.90 USDT,0.23 %,08/01/2024 19:37 UTC,08/01/2024 20:36 UTC,0.29 % 67.40 USDT,-0.53 % 66.85 USDT
LTCUSDT,Long,73.72 USDT,150,"11,058.00 USDT",-425.01 USDT,-3.84 %,07/30/2024 08:54 UTC,08/01/2024 09:13 UTC,0.28 % 73.93 USDT,-6.10 % 69.22 USDT
LTCUSDT,Long,73.78 USDT,100,"7,378.00 USDT",7.57 USDT,0.10 %,07/30/2024 08:29 UTC,07/30/2024 08:42 UTC,0.20 % 73.93 USDT,-0.09 % 73.71 USDT
LTCUSDT,Long,73.73 USDT,100,"7,373.00 USDT",16.45 USDT,0.22 %,07/30/2024 07:23 UTC,07/30/2024 08:15 UTC,0.33 % 73.97 USDT,-0.18 % 73.60 USDT
LTCUSDT,Long,73.61 USDT,75,"5,520.75 USDT",8.68 USDT,0.16 %,07/30/2024 06:58 UTC,07/30/2024 07:12 UTC,0.26 % 73.80 USDT,
LTCUSDT,Short,73.72 USDT,150,"11,058.00 USDT",24.87 USDT,0.22 %,07/29/2024 18:08 UTC,07/29/2024 23:18 UTC,0.16 % 73.60 USDT,-0.83 % 74.34 USDT
LTCUSDT,Long,73.418 USDT,82,"6,020.30 USDT",21.12 USDT,0.35 %,07/29/2024 17:59 UTC,07/29/2024 18:08 UTC,0.44 % 73.74 USDT,-0.07 % 73.37 USDT
LTCUSDT,Short,73.669 USDT,85.69,"6,312.71 USDT",10.53 USDT,0.17 %,07/29/2024 17:46 UTC,07/29/2024 17:51 UTC,0.13 % 73.57 USDT,
LTCUSDT,Long,73.3 USDT,27.749,"2,034.00 USDT",8.49 USDT,0.42 %,07/29/2024 17:43 UTC,07/29/2024 17:46 UTC,0.55 % 73.70 USDT,
LTCUSDT,Short,74.134 USDT,315.446,"-23,340.74 USDT",-360.81 USDT,-1.55 %,07/29/2024 05:45 UTC,07/29/2024 17:43 UTC,0.89 % 73.48 USDT,-3.19 % 76.58 USDT
LTCUSDT,Long,71.77 USDT,323.159,"23,192.96 USDT",272.73 USDT,1.18 %,07/27/2024 17:36 UTC,07/29/2024 05:44 UTC,2.65 % 73.67 USDT,-2.16 % 70.22 USDT
LTCUSDT,Short,72.097 USDT,150,"10,814.50 USDT",24.52 USDT,0.23 %,07/27/2024 17:04 UTC,07/27/2024 17:36 UTC,0.29 % 71.89 USDT,-0.03 % 72.12 USDT
LTCUSDT,Short,72.23 USDT,300,"-21,669.00 USDT",71.02 USDT,0.33 %,07/27/2024 16:40 UTC,07/27/2024 16:55 UTC,0.38 % 71.96 USDT,
LTCUSDT,Long,71.5 USDT,150,"10,725.00 USDT",41.05 USDT,0.38 %,07/27/2024 15:42 UTC,07/27/2024 16:40 UTC,1.19 % 72.35 USDT,-0.41 % 71.21 USDT
LTCUSDT,Short,71.743 USDT,293.774,"-21,076.16 USDT",70.44 USDT,0.33 %,07/27/2024 13:17 UTC,07/27/2024 15:36 UTC,0.28 % 71.54 USDT,-0.61 % 72.18 USDT
LTCUSDT,Long,71.189 USDT,290.678,"20,693.09 USDT",88.90 USDT,0.43 %,07/26/2024 19:05 UTC,07/27/2024 13:11 UTC,0.56 % 71.59 USDT,-0.41 % 70.90 USDT
LTCUSDT,Long,71.218 USDT,267.403,"19,044.03 USDT",10.22 USDT,0.05 %,07/26/2024 17:09 UTC,07/26/2024 18:57 UTC,0.13 % 71.31 USDT,-0.26 % 71.03 USDT
LTCUSDT,Short,71.438 USDT,179.592,"-12,829.74 USDT",22.53 USDT,0.18 %,07/26/2024 15:39 UTC,07/26/2024 16:55 UTC,0.22 % 71.28 USDT,-0.03 % 71.46 USDT
BTCUSDT,Short,"67,743.48 USDT",0.135,"-9,145.37 USDT",1.04 USDT,0.01 %,07/26/2024 14:15 UTC,07/26/2024 14:16 UTC,,
BTCUSDT,Short,"67,778.914 USDT",0.13,"8,811.26 USDT",4.40 USDT,0.05 %,07/26/2024 14:14 UTC,07/26/2024 14:15 UTC,"0.04 % 67,749 USDT",
BTCUSDT,Short,"67,793.227 USDT",0.195,"-13,219.68 USDT",-0.38 USDT,0.00 %,07/26/2024 14:09 UTC,07/26/2024 14:13 UTC,,
LTCUSDT,Long,73.452 USDT,"1,000","73,452.50 USDT",31.86 USDT,0.04 %,07/22/2024 12:04 UTC,07/22/2024 12:15 UTC,0.13 % 73.55 USDT,-0.89 % 72.80 USDT
LTCUSDT,Short,73.86 USDT,"1,000","-73,860.00 USDT",238.06 USDT,0.32 %,07/22/2024 11:11 UTC,07/22/2024 12:03 UTC,0.38 % 73.58 USDT,-0.07 % 73.91 USDT
LTCUSDT,Short,73.995 USDT,552.401,"-40,874.77 USDT",48.45 USDT,0.12 %,07/22/2024 10:55 UTC,07/22/2024 11:08 UTC,0.14 % 73.89 USDT,
LTCUSDT,Short,72.556 USDT,529.004,"-38,346.73 USDT",-309.15 USDT,-0.81 %,07/19/2024 16:10 UTC,07/20/2024 05:33 UTC,,-1.97 % 74.01 USDT
LTCUSDT,Long,71.894 USDT,518.561,"37,281.24 USDT",234.95 USDT,0.63 %,07/18/2024 14:42 UTC,07/19/2024 16:03 UTC,0.70 % 72.40 USDT,-3.19 % 69.60 USDT
LTCUSDT,Short,72.33 USDT,500,"-36,165.00 USDT",138.33 USDT,0.38 %,07/18/2024 11:53 UTC,07/18/2024 14:37 UTC,0.25 % 72.15 USDT,-0.74 % 72.87 USDT
LTCUSDT,Long,72.002 USDT,400,"28,801.00 USDT",40.70 USDT,0.14 %,07/18/2024 10:07 UTC,07/18/2024 10:50 UTC,0.20 % 72.15 USDT,-0.23 % 71.84 USDT
LTCUSDT,Short,72.228 USDT,400,"-28,891.00 USDT",41.65 USDT,0.14 %,07/18/2024 09:11 UTC,07/18/2024 09:42 UTC,0.19 % 72.09 USDT,-0.10 % 72.30 USDT
LTCUSDT,Short,72.231 USDT,450,"-32,504.00 USDT",78.02 USDT,0.24 %,07/18/2024 06:47 UTC,07/18/2024 07:32 UTC,0.32 % 72.00 USDT,-0.07 % 72.28 USDT
LTCUSDT,Long,71.653 USDT,592.928,"42,484.79 USDT",275.49 USDT,0.65 %,07/17/2024 21:05 UTC,07/18/2024 02:01 UTC,0.83 % 72.25 USDT,-0.55 % 71.26 USDT
LTCUSDT,Short,72.307 USDT,950,"-68,692.00 USDT",453.92 USDT,0.66 %,07/17/2024 17:35 UTC,07/17/2024 21:05 UTC,0.85 % 71.70 USDT,-0.38 % 72.58 USDT
LTCUSDT,Long,71.798 USDT,900,"64,618.00 USDT",196.83 USDT,0.30 %,07/17/2024 15:56 UTC,07/17/2024 17:31 UTC,0.39 % 72.08 USDT,-1.00 % 71.08 USDT
LTCUSDT,Short,72.814 USDT,"1,420.899","-103,461.97 USDT",595.20 USDT,0.58 %,07/16/2024 11:58 UTC,07/17/2024 15:53 UTC,0.99 % 72.10 USDT,-0.40 % 73.11 USDT
LTCUSDT,Long,71.54 USDT,5.806,415.36 USDT,0.68 USDT,0.16 %,07/16/2024 11:39 UTC,07/16/2024 11:44 UTC,0.24 % 71.71 USDT,-0.01 % 71.53 USDT
LTCUSDT,Short,71.78 USDT,5.624,403.69 USDT,1.78 USDT,0.44 %,07/16/2024 11:24 UTC,07/16/2024 11:37 UTC,0.31 % 71.56 USDT,
LTCUSDT,Short,71.506 USDT,18.038,"-1,289.82 USDT",8.17 USDT,0.63 %,07/15/2024 16:23 UTC,07/16/2024 07:47 UTC,0.54 % 71.12 USDT,-2.57 % 73.39 USDT
LTCUSDT,Long,70.23 USDT,4.525,317.79 USDT,0.58 USDT,0.18 %,07/15/2024 15:47 UTC,07/15/2024 16:17 UTC,0.26 % 70.41 USDT,-0.24 % 70.06 USDT
LTCUSDT,Long,70.28 USDT,4.285,301.15 USDT,0.55 USDT,0.18 %,07/15/2024 15:17 UTC,07/15/2024 15:40 UTC,0.27 % 70.47 USDT,-0.23 % 70.12 USDT
LTCUSDT,Short,70.45 USDT,3.932,277.01 USDT,0.86 USDT,0.31 %,07/15/2024 14:22 UTC,07/15/2024 15:13 UTC,0.30 % 70.24 USDT,-0.35 % 70.70 USDT
LTCUSDT,Short,70.55 USDT,2.925,206.36 USDT,0.72 USDT,0.35 %,07/15/2024 14:01 UTC,07/15/2024 14:19 UTC,0.30 % 70.34 USDT,
LTCUSDT,Long,77.99 USDT,37.843,"2,951.38 USDT",36.44 USDT,1.23 %,04/14/2024 12:14 UTC,04/14/2024 13:12 UTC,1.71 % 79.32 USDT,-0.13 % 77.89 USDT
LTCUSDT,Short,79.96 USDT,32.799,"2,622.61 USDT",22.05 USDT,0.84 %,04/14/2024 08:37 UTC,04/14/2024 08:53 UTC,0.83 % 79.30 USDT,-0.17 % 80.10 USDT
LTCUSDT,Short,104.924 USDT,394.108,"-41,351.57 USDT",185.88 USDT,0.45 %,03/29/2024 09:47 UTC,03/30/2024 09:43 UTC,1.27 % 103.61 USDT,-4.57 % 109.95 USDT
LTCUSDT,Short,90.555 USDT,288.344,"-26,111.12 USDT",-305.41 USDT,-1.17 %,03/25/2024 14:12 UTC,03/26/2024 11:04 UTC,0.53 % 90.08 USDT,-1.92 % 92.33 USDT
LTCUSDT,Short,89.9 USDT,200,"17,980.00 USDT",165.26 USDT,0.92 %,03/25/2024 02:43 UTC,03/25/2024 11:34 UTC,0.84 % 89.15 USDT,-0.95 % 90.76 USDT
LTCUSDT,Short,89.548 USDT,245.311,"-21,967.01 USDT",104.00 USDT,0.47 %,03/24/2024 17:15 UTC,03/25/2024 00:10 UTC,0.37 % 89.22 USDT,-0.96 % 90.42 USDT
LTCUSDT,Short,89.537 USDT,223.28,"-19,991.90 USDT",139.27 USDT,0.70 %,03/24/2024 16:03 UTC,03/24/2024 17:06 UTC,,-0.88 % 90.33 USDT
LTCUSDT,Short,89.655 USDT,222.87,"-19,981.35 USDT",78.24 USDT,0.39 %,03/24/2024 14:48 UTC,03/24/2024 15:52 UTC,0.25 % 89.43 USDT,-0.75 % 90.33 USDT
LTCUSDT,Short,89.46 USDT,150,"-13,419.00 USDT",50.46 USDT,0.38 %,03/24/2024 14:41 UTC,03/24/2024 14:45 UTC,0.20 % 89.28 USDT,
LTCUSDT,Short,89.731 USDT,190.96,"-17,134.98 USDT",31.87 USDT,0.19 %,03/24/2024 14:36 UTC,03/24/2024 14:39 UTC,0.09 % 89.65 USDT,
LTCUSDT,Long,84.05 USDT,150,"12,607.50 USDT",49.42 USDT,0.39 %,03/18/2024 10:31 UTC,03/18/2024 10:32 UTC,0.45 % 84.43 USDT,
LTCUSDT,Short,88.58 USDT,450,"-39,861.00 USDT",253.65 USDT,0.64 %,03/15/2024 16:27 UTC,03/15/2024 17:04 UTC,0.51 % 88.13 USDT,-0.49 % 89.02 USDT
LTCUSDT,Short,87.737 USDT,"1,879.545","-164,904.98 USDT",235.68 USDT,0.14 %,03/15/2024 11:50 UTC,03/15/2024 16:14 UTC,0.49 % 87.31 USDT,-1.44 % 89.02 USDT
LTCUSDT,Long,86.417 USDT,"1,825","157,711.66 USDT","1,329 USDT",0.84 %,03/15/2024 11:19 UTC,03/15/2024 11:37 UTC,1.00 % 87.28 USDT,-0.93 % 85.61 USDT
LTCUSDT,Short,87.044 USDT,"1,849.778","-160,841.22 USDT","1,119 USDT",0.70 %,03/15/2024 09:35 UTC,03/15/2024 11:16 UTC,0.66 % 86.47 USDT,-0.87 % 87.81 USDT
LTCUSDT,Long,85.62 USDT,"1,528.234","130,847.71 USDT","1,289 USDT",0.99 %,03/15/2024 09:05 UTC,03/15/2024 09:29 UTC,1.38 % 86.80 USDT,-2.66 % 83.34 USDT
LTCUSDT,Long,86.205 USDT,500,"43,102.50 USDT",166.58 USDT,0.39 %,03/15/2024 09:02 UTC,03/15/2024 09:04 UTC,0.50 % 86.64 USDT,-0.23 % 86.01 USDT
BTCUSDT,Short,"71,367.742 USDT",0.168,"-11,989.78 USDT",-50.73 USDT,-0.42 %,03/11/2024 07:46 UTC,03/11/2024 12:11 UTC,"0.17 % 71,250 USDT","-1.25 % 72,273 USDT"
BTCUSDT,Short,"69,807.4 USDT",0.099,"6,910.93 USDT",94.29 USDT,1.36 %,03/10/2024 12:47 UTC,03/10/2024 14:40 UTC,"0.82 % 69,237 USDT","-0.09 % 69,870 USDT"
LTCUSDT,Short,87.817 USDT,60,"-5,269.00 USDT",147.87 USDT,2.81 %,03/08/2024 15:49 UTC,03/08/2024 16:04 UTC,2.20 % 85.93 USDT,
LTCUSDT,Short,81.46 USDT,72.486,"5,904.71 USDT",34.16 USDT,0.58 %,03/05/2024 23:05 UTC,03/06/2024 01:22 UTC,0.34 % 81.18 USDT,-1.24 % 82.48 USDT
LTCUSDT,Long,78.752 USDT,105.481,"8,306.81 USDT",233.15 USDT,2.81 %,03/05/2024 20:33 UTC,03/05/2024 21:28 UTC,2.88 % 81.02 USDT,-3.27 % 76.18 USDT
BTCUSDT,Short,"63,073.9 USDT",0.038,"2,396.81 USDT",8.59 USDT,0.36 %,02/29/2024 15:41 UTC,02/29/2024 16:09 UTC,"0.55 % 62,729 USDT",
BTCUSDT,Short,"62,948 USDT",0.037,"2,329.08 USDT",6.15 USDT,0.26 %,02/29/2024 14:05 UTC,02/29/2024 15:11 UTC,"0.28 % 62,771 USDT","-0.87 % 63,501 USDT"
LTCUSDT,Short,74.76 USDT,43.246,"3,233.07 USDT",20.55 USDT,0.64 %,02/28/2024 23:51 UTC,02/29/2024 00:20 UTC,0.67 % 74.26 USDT,
LTCUSDT,Short,72.777 USDT,935,"-68,046.05 USDT",545.14 USDT,0.80 %,02/12/2024 20:26 UTC,02/13/2024 06:32 UTC,1.13 % 71.96 USDT,-0.94 % 73.47 USDT
LTCUSDT,Short,72.937 USDT,750,"-54,702.50 USDT",242.24 USDT,0.44 %,02/12/2024 18:14 UTC,02/12/2024 19:50 UTC,0.39 % 72.65 USDT,-0.10 % 73.01 USDT
LTCUSDT,Short,72.88 USDT,50,"3,644.00 USDT",4.81 USDT,0.13 %,02/12/2024 18:02 UTC,02/12/2024 18:14 UTC,0.21 % 72.73 USDT,
LTCUSDT,Short,68.684 USDT,"1,150","-78,986.50 USDT","-2,255.22 USDT",-2.86 %,02/08/2024 12:37 UTC,02/09/2024 09:51 UTC,0.17 % 68.57 USDT,-4.49 % 71.91 USDT
AAVEUSDT,Long,83.72 USDT,"1,100","92,091.86 USDT",576.73 USDT,0.63 %,02/07/2024 18:24 UTC,02/07/2024 21:29 UTC,0.99 % 84.55 USDT,-0.74 % 83.10 USDT
AAVEUSDT,Long,83.461 USDT,"1,300","108,499.20 USDT",966.80 USDT,0.89 %,02/07/2024 04:48 UTC,02/07/2024 17:33 UTC,1.50 % 84.71 USDT,-1.49 % 82.22 USDT
AAVEUSDT,Short,84.807 USDT,"1,250","-106,008.51 USDT","1,139 USDT",1.07 %,02/06/2024 19:00 UTC,02/07/2024 04:48 UTC,1.13 % 83.86 USDT,-0.64 % 85.35 USDT
AAVEUSDT,Long,84.143 USDT,224.2,"18,864.95 USDT",115.49 USDT,0.61 %,02/06/2024 18:39 UTC,02/06/2024 19:00 UTC,0.71 % 84.74 USDT,-0.02 % 84.13 USDT
AAVEUSDT,Short,84.5 USDT,450,"-38,025.00 USDT",166.23 USDT,0.44 %,02/06/2024 17:16 UTC,02/06/2024 18:32 UTC,0.42 % 84.15 USDT,-0.08 % 84.57 USDT
AAVEUSDT,Short,84.357 USDT,400,"-33,742.79 USDT",58.55 USDT,0.17 %,02/06/2024 16:26 UTC,02/06/2024 16:45 UTC,0.14 % 84.24 USDT,-0.05 % 84.40 USDT
AAVEUSDT,Long,83.476 USDT,"1,000","83,475.84 USDT",670.35 USDT,0.80 %,02/06/2024 13:30 UTC,02/06/2024 16:24 UTC,1.10 % 84.39 USDT,-0.14 % 83.36 USDT
LTCUSDT,Long,67.84 USDT,600,"40,704.00 USDT",32.56 USDT,0.08 %,02/06/2024 12:59 UTC,02/06/2024 13:28 UTC,0.28 % 68.03 USDT,-0.13 % 67.75 USDT
BNBUSDT,Long,289.14 USDT,2.76,798.03 USDT,8.41 USDT,1.05 %,01/25/2024 17:15 UTC,01/25/2024 18:32 UTC,1.32 % 292.95 USDT,
XRPUSDT,Long,0.508 USDT,"1,574.1",800.12 USDT,4.40 USDT,0.55 %,01/25/2024 13:00 UTC,01/25/2024 18:26 UTC,0.92 % 0.51 USDT,-0.92 % 0.50 USDT
BSVUSDT,Long,67.44 USDT,11.8,795.79 USDT,15.45 USDT,1.94 %,01/25/2024 17:15 UTC,01/25/2024 18:19 UTC,2.21 % 68.93 USDT,-0.09 % 67.38 USDT
ADAUSDT,Long,0.46 USDT,"1,738",799.83 USDT,13.07 USDT,1.63 %,01/25/2024 17:00 UTC,01/25/2024 18:11 UTC,1.93 % 0.47 USDT,-0.39 % 0.46 USDT
ETHUSDT,Long,"2,176.01 USDT",0.367,798.60 USDT,7.07 USDT,0.89 %,01/25/2024 17:15 UTC,01/25/2024 17:35 UTC,"1.08 % 2,199 USDT","-0.08 % 2,174 USDT"
XEMUSDT,Long,0.046 USDT,"17,543",803.47 USDT,1.27 USDT,0.16 %,01/25/2024 12:15 UTC,01/25/2024 12:26 UTC,0.44 % 0.05 USDT,-1.09 % 0.05 USDT
SUIUSDT,Long,1.211 USDT,661.5,800.94 USDT,5.07 USDT,0.63 %,01/25/2024 12:00 UTC,01/25/2024 12:06 UTC,0.97 % 1.22 USDT,-0.03 % 1.21 USDT
MINAUSDT,Long,1.004 USDT,797,799.82 USDT,4.83 USDT,0.60 %,01/25/2024 05:30 UTC,01/25/2024 06:50 UTC,0.91 % 1.01 USDT,-0.35 % 1.00 USDT
BNBUSDT,Long,288.36 USDT,2.77,798.76 USDT,4.42 USDT,0.55 %,01/25/2024 03:00 UTC,01/25/2024 03:34 UTC,0.88 % 290.90 USDT,-0.11 % 288.03 USDT
LTCUSDT,Short,65.738 USDT,250,"16,434.50 USDT",34.65 USDT,0.21 %,01/24/2024 17:15 UTC,01/24/2024 19:10 UTC,0.70 % 65.28 USDT,-0.34 % 65.96 USDT
LTCUSDT,Short,65.713 USDT,750,"-49,284.75 USDT",237.83 USDT,0.48 %,01/24/2024 06:56 UTC,01/24/2024 13:35 UTC,0.54 % 65.36 USDT,-0.66 % 66.15 USDT
LTCUSDT,Long,64.988 USDT,300,"19,496.45 USDT",84.82 USDT,0.44 %,01/24/2024 03:54 UTC,01/24/2024 06:31 UTC,0.74 % 65.47 USDT,-0.20 % 64.86 USDT
LTCUSDT,Long,64.909 USDT,650,"42,191.00 USDT",566.51 USDT,1.34 %,01/23/2024 17:54 UTC,01/24/2024 00:51 UTC,1.46 % 65.86 USDT,-1.05 % 64.23 USDT
LTCUSDT,Long,64.722 USDT,687.5,"44,496.03 USDT",248.02 USDT,0.56 %,01/23/2024 10:54 UTC,01/23/2024 17:24 UTC,0.60 % 65.11 USDT,-2.38 % 63.18 USDT
IOTAUSDT,Long,0.199 USDT,"1,832.8",364.18 USDT,2.71 USDT,0.74 %,01/23/2024 14:15 UTC,01/23/2024 15:08 UTC,1.01 % 0.20 USDT,-1.16 % 0.20 USDT
DASHUSDT,Long,27 USDT,7.8,210.60 USDT,0.89 USDT,0.42 %,01/19/2024 03:30 UTC,01/19/2024 04:23 UTC,0.74 % 27.20 USDT,-1.48 % 26.60 USDT
ICPUSDT,Long,10.941 USDT,19,207.88 USDT,1.13 USDT,0.54 %,01/19/2024 03:30 UTC,01/19/2024 03:49 UTC,0.81 % 11.03 USDT,-1.01 % 10.83 USDT
SUIUSDT,Long,1.104 USDT,190.9,210.83 USDT,1.63 USDT,0.77 %,01/19/2024 02:45 UTC,01/19/2024 02:50 UTC,0.91 % 1.11 USDT,
ICPUSDT,Long,11.132 USDT,18,200.37 USDT,1.79 USDT,0.89 %,01/19/2024 01:30 UTC,01/19/2024 01:42 UTC,1.11 % 11.26 USDT,-0.34 % 11.09 USDT
MINAUSDT,Long,1.159 USDT,181,209.85 USDT,2.15 USDT,1.03 %,01/19/2024 01:30 UTC,01/19/2024 01:42 UTC,1.30 % 1.17 USDT,-0.33 % 1.16 USDT
CHZUSDT,Long,0.092 USDT,"2,295",210.50 USDT,1.98 USDT,0.94 %,01/19/2024 00:30 UTC,01/19/2024 00:45 UTC,1.15 % 0.09 USDT,-0.13 % 0.09 USDT
XMRUSDT,Long,152.43 USDT,2.384,363.39 USDT,4.33 USDT,1.19 %,01/18/2024 20:00 UTC,01/18/2024 20:56 UTC,1.26 % 154.35 USDT,-0.37 % 151.87 USDT
ENJUSDT,Long,0.288 USDT,"1,263",363.24 USDT,3.06 USDT,0.84 %,01/18/2024 20:00 UTC,01/18/2024 20:21 UTC,1.11 % 0.29 USDT,-0.28 % 0.29 USDT
EOSUSDT,Long,0.723 USDT,100.8,72.88 USDT,0.26 USDT,0.35 %,01/18/2024 18:15 UTC,01/18/2024 18:46 UTC,0.69 % 0.73 USDT,-0.41 % 0.72 USDT
IOTAUSDT,Long,0.231 USDT,315.5,72.91 USDT,0.27 USDT,0.37 %,01/18/2024 18:15 UTC,01/18/2024 18:46 UTC,0.65 % 0.23 USDT,-0.30 % 0.23 USDT
LTCUSDT,Long,72.044 USDT,400,"28,817.50 USDT",-619.91 USDT,-2.15 %,01/13/2024 08:31 UTC,01/16/2024 08:31 UTC,0.58 % 72.46 USDT,-4.53 % 68.78 USDT
LTCUSDT,Long,72.218 USDT,250,"18,054.50 USDT",94.64 USDT,0.52 %,01/13/2024 07:21 UTC,01/13/2024 07:46 UTC,0.67 % 72.70 USDT,-0.04 % 72.19 USDT
POWRUSDT,Long,0.363 USDT,388,140.81 USDT,-0.43 USDT,-0.31 %,01/12/2024 22:23 UTC,01/12/2024 22:28 UTC,0.25 % 0.36 USDT,-1.07 % 0.36 USDT
XRPUSDT,Long,0.561 USDT,250.1,140.36 USDT,0.19 USDT,0.14 %,01/12/2024 22:23 UTC,01/12/2024 22:28 UTC,0.45 % 0.56 USDT,-0.23 % 0.56 USDT
ILVUSDT,Long,85.136 USDT,1.6,136.22 USDT,-0.19 USDT,-0.14 %,01/12/2024 22:23 UTC,01/12/2024 22:27 UTC,0.24 % 85.34 USDT,-0.83 % 84.43 USDT
LTCUSDT,Long,73.481 USDT,400,"29,392.50 USDT",189.80 USDT,0.65 %,01/12/2024 17:10 UTC,01/12/2024 20:19 UTC,0.72 % 74.01 USDT,-2.07 % 71.96 USDT
LTCUSDT,Short,75.456 USDT,"2,193.75","-165,532.15 USDT","3,225 USDT",1.95 %,01/12/2024 16:13 UTC,01/12/2024 17:07 UTC,2.01 % 73.97 USDT,-0.06 % 75.50 USDT
LTCUSDT,Long,74.765 USDT,"2,150","160,745.27 USDT",809.16 USDT,0.50 %,01/12/2024 15:54 UTC,01/12/2024 16:13 UTC,0.88 % 75.42 USDT,-0.76 % 74.20 USDT
LTCUSDT,Short,75.279 USDT,"2,371.232","-178,115.04 USDT","2,003 USDT",1.12 %,01/12/2024 09:43 UTC,01/12/2024 15:55 UTC,0.56 % 74.86 USDT,-1.89 % 76.73 USDT
EOSUSDT,Long,0.701 USDT,78.4,54.96 USDT,-0.19 USDT,-0.35 %,01/09/2024 12:57 UTC,01/09/2024 13:00 UTC,0.14 % 0.70 USDT,-1.14 % 0.69 USDT
TWTUSDT,Long,1.012 USDT,138,139.71 USDT,0.51 USDT,0.37 %,01/08/2024 03:27 UTC,01/08/2024 03:28 UTC,,
ETCUSDT,Long,18.461 USDT,7.58,139.93 USDT,2.07 USDT,1.48 %,01/08/2024 02:53 UTC,01/08/2024 03:12 UTC,1.81 % 18.80 USDT,
OXTUSDT,Long,0.083 USDT,"1,687",139.94 USDT,3.30 USDT,2.36 %,01/08/2024 02:53 UTC,01/08/2024 03:08 UTC,2.65 % 0.09 USDT,
XEMUSDT,Long,0.031 USDT,"4,530",139.98 USDT,1.73 USDT,1.23 %,01/08/2024 02:53 UTC,01/08/2024 03:06 UTC,1.62 % 0.03 USDT,-0.32 % 0.03 USDT
WAVESUSDT,Long,2.17 USDT,64.5,139.99 USDT,1.89 USDT,1.35 %,01/08/2024 02:53 UTC,01/08/2024 03:00 UTC,1.81 % 2.21 USDT,
IOSTUSDT,Long,0.008 USDT,"16,984",140.05 USDT,-0.66 USDT,-0.47 %,01/08/2024 02:53 UTC,01/08/2024 02:54 UTC,0.21 % 0.01 USDT,-0.57 % 0.01 USDT
SUSHIUSDT,Long,0.969 USDT,144,139.49 USDT,-0.57 USDT,-0.41 %,01/08/2024 02:52 UTC,01/08/2024 02:54 UTC,0.35 % 0.97 USDT,-0.63 % 0.96 USDT
LTCUSDT,Long,61.89 USDT,2.26,139.87 USDT,-0.38 USDT,-0.27 %,01/08/2024 02:52 UTC,01/08/2024 02:54 UTC,0.39 % 62.13 USDT,-0.40 % 61.64 USDT
XTZUSDT,Long,0.827 USDT,169.2,139.93 USDT,-0.42 USDT,-0.30 %,01/08/2024 02:52 UTC,01/08/2024 02:54 UTC,0.24 % 0.83 USDT,-0.36 % 0.82 USDT
TLMUSDT,Long,0.014 USDT,"9,922",140.20 USDT,-0.88 USDT,-0.63 %,01/08/2024 02:47 UTC,01/08/2024 02:51 UTC,0.14 % 0.01 USDT,-0.99 % 0.01 USDT
QNTUSDT,Long,108.39 USDT,1.2,130.07 USDT,-0.59 USDT,-0.46 %,01/08/2024 02:39 UTC,01/08/2024 02:47 UTC,0.31 % 108.73 USDT,-0.63 % 107.71 USDT
STEEMUSDT,Long,0.215 USDT,651,139.97 USDT,-0.21 USDT,-0.15 %,01/08/2024 02:38 UTC,01/08/2024 02:45 UTC,0.28 % 0.22 USDT,-0.28 % 0.21 USDT
MATICUSDT,Long,0.772 USDT,181,139.75 USDT,1.16 USDT,0.83 %,01/08/2024 01:19 UTC,01/08/2024 01:23 UTC,1.11 % 0.78 USDT,
STORJUSDT,Long,0.557 USDT,251,139.76 USDT,0.29 USDT,0.21 %,01/08/2024 01:19 UTC,01/08/2024 01:20 UTC,0.43 % 0.56 USDT,-0.38 % 0.55 USDT
ZILUSDT,Long,0.021 USDT,"6,799",139.99 USDT,-0.90 USDT,-0.64 %,01/08/2024 00:49 UTC,01/08/2024 00:59 UTC,0.29 % 0.02 USDT,-1.31 % 0.02 USDT
ILVUSDT,Long,78.846 USDT,1.7,134.04 USDT,1.27 USDT,0.95 %,01/07/2024 22:59 UTC,01/07/2024 23:11 UTC,1.51 % 80.04 USDT,-0.08 % 78.78 USDT
XRPUSDT,Long,0.549 USDT,255.1,140.08 USDT,1.17 USDT,0.83 %,01/07/2024 22:59 UTC,01/07/2024 23:10 UTC,1.13 % 0.56 USDT,
IDEXUSDT,Long,0.05 USDT,"2,815",139.94 USDT,1.63 USDT,1.17 %,01/07/2024 22:36 UTC,01/07/2024 22:52 UTC,1.65 % 0.05 USDT,
TLMUSDT,Long,0.015 USDT,"9,459",140.18 USDT,2.28 USDT,1.63 %,01/07/2024 22:37 UTC,01/07/2024 22:46 UTC,2.16 % 0.02 USDT,
ONEUSDT,Long,0.016 USDT,"8,991",140.08 USDT,1.80 USDT,1.29 %,01/07/2024 22:36 UTC,01/07/2024 22:46 UTC,1.67 % 0.02 USDT,
XMRUSDT,Long,145.168 USDT,0.964,139.94 USDT,-0.75 USDT,-0.53 %,01/07/2024 22:33 UTC,01/07/2024 22:36 UTC,,-0.56 % 144.35 USDT
ONTUSDT,Long,0.242 USDT,579.2,140.11 USDT,-0.78 USDT,-0.56 %,01/07/2024 16:47 UTC,01/07/2024 16:49 UTC,0.04 % 0.24 USDT,-1.12 % 0.24 USDT
TWTUSDT,Long,1.062 USDT,131,139.07 USDT,0.71 USDT,0.51 %,01/06/2024 06:56 UTC,01/06/2024 07:00 UTC,0.72 % 1.07 USDT,-0.24 % 1.06 USDT
ZENUSDT,Long,8.891 USDT,8.3,73.80 USDT,0.53 USDT,0.72 %,01/01/2024 04:00 UTC,01/01/2024 12:45 UTC,0.84 % 8.97 USDT,-2.04 % 8.71 USDT
XMRUSDT,Long,163.65 USDT,0.452,73.97 USDT,0.46 USDT,0.62 %,01/01/2024 04:30 UTC,01/01/2024 05:31 UTC,0.73 % 164.85 USDT,-0.24 % 163.25 USDT
APEUSDT,Long,1.598 USDT,46,73.51 USDT,0.32 USDT,0.44 %,01/01/2024 04:00 UTC,01/01/2024 05:28 UTC,0.75 % 1.61 USDT,-1.06 % 1.58 USDT
ATOMUSDT,Long,10.523 USDT,7.03,73.98 USDT,0.34 USDT,0.45 %,01/01/2024 04:30 UTC,01/01/2024 05:27 UTC,0.68 % 10.60 USDT,-0.29 % 10.49 USDT
IOTAUSDT,Long,0.298 USDT,247.9,73.95 USDT,0.30 USDT,0.41 %,01/01/2024 04:45 UTC,01/01/2024 05:26 UTC,0.70 % 0.30 USDT,
ENJUSDT,Long,0.369 USDT,200,73.78 USDT,0.32 USDT,0.43 %,01/01/2024 04:30 UTC,01/01/2024 05:26 UTC,0.68 % 0.37 USDT,-0.57 % 0.37 USDT
SUIUSDT,Long,0.762 USDT,97,73.95 USDT,0.37 USDT,0.50 %,01/01/2024 04:30 UTC,01/01/2024 05:20 UTC,0.73 % 0.77 USDT,-0.73 % 0.76 USDT
CHZUSDT,Long,0.085 USDT,866,73.99 USDT,0.30 USDT,0.41 %,01/01/2024 04:20 UTC,01/01/2024 05:03 UTC,0.68 % 0.09 USDT,-0.33 % 0.09 USDT
XRPUSDT,Long,0.615 USDT,240.8,148.02 USDT,0.63 USDT,0.43 %,12/31/2023 22:45 UTC,01/01/2024 02:09 UTC,0.76 % 0.62 USDT,-1.58 % 0.60 USDT
BTCUSDT,Long,"42,201.6 USDT",0.003,126.60 USDT,0.85 USDT,0.67 %,12/31/2023 23:30 UTC,01/01/2024 00:19 UTC,"0.95 % 42,603 USDT","-0.01 % 42,198 USDT"
SOLUSDT,Long,100.53 USDT,1,100.53 USDT,1.03 USDT,1.02 %,12/31/2023 23:00 UTC,12/31/2023 23:11 UTC,1.25 % 101.78 USDT,
ETCUSDT,Long,21.907 USDT,1.59,34.83 USDT,0.29 USDT,0.83 %,12/31/2023 03:30 UTC,12/31/2023 04:36 UTC,1.16 % 22.16 USDT,-0.03 % 21.90 USDT
APEUSDT,Long,1.623 USDT,21,34.08 USDT,0.27 USDT,0.80 %,12/31/2023 03:20 UTC,12/31/2023 04:35 UTC,1.05 % 1.64 USDT,-0.18 % 1.62 USDT
BSVUSDT,Long,91.42 USDT,0.3,27.43 USDT,0.20 USDT,0.74 %,12/30/2023 20:05 UTC,12/30/2023 20:19 UTC,1.01 % 92.34 USDT,-0.69 % 90.79 USDT
ATOMUSDT,Long,10.724 USDT,3.26,34.96 USDT,0.25 USDT,0.72 %,12/30/2023 08:30 UTC,12/30/2023 12:33 UTC,0.93 % 10.82 USDT,-1.40 % 10.57 USDT
ENJUSDT,Long,0.364 USDT,96,34.93 USDT,0.25 USDT,0.71 %,12/30/2023 08:31 UTC,12/30/2023 12:23 UTC,1.07 % 0.37 USDT,-1.21 % 0.36 USDT
SOLUSDT,Long,102.056 USDT,1,102.06 USDT,0.98 USDT,0.96 %,12/30/2023 08:30 UTC,12/30/2023 12:22 UTC,1.28 % 103.37 USDT,-1.33 % 100.70 USDT
ADAUSDT,Long,0.599 USDT,58,34.77 USDT,0.15 USDT,0.44 %,12/30/2023 08:45 UTC,12/30/2023 12:20 UTC,0.70 % 0.60 USDT,-1.00 % 0.59 USDT
BALUSDT,Long,4.211 USDT,8.3,34.95 USDT,0.19 USDT,0.53 %,12/30/2023 09:00 UTC,12/30/2023 11:31 UTC,0.83 % 4.25 USDT,-0.55 % 4.19 USDT
XRPUSDT,Long,0.621 USDT,56.4,35.00 USDT,0.22 USDT,0.63 %,12/29/2023 17:00 UTC,12/30/2023 01:23 UTC,0.71 % 0.62 USDT,-1.51 % 0.61 USDT
LTCUSDT,Long,73.1 USDT,0.478,34.94 USDT,0.16 USDT,0.45 %,12/29/2023 22:31 UTC,12/30/2023 00:32 UTC,0.82 % 73.70 USDT,-0.15 % 72.99 USDT
ETHUSDT,Long,"2,279.27 USDT",0.015,34.19 USDT,0.33 USDT,0.96 %,12/29/2023 22:15 UTC,12/30/2023 00:32 UTC,"1.20 % 2,306 USDT","-1.08 % 2,254 USDT"
ETCUSDT,Long,22.146 USDT,1.58,34.99 USDT,0.18 USDT,0.50 %,12/29/2023 17:45 UTC,12/29/2023 17:49 UTC,0.73 % 22.31 USDT,-0.04 % 22.14 USDT
IOTAUSDT,Long,0.295 USDT,118.5,34.99 USDT,0.28 USDT,0.79 %,12/29/2023 17:00 UTC,12/29/2023 17:25 UTC,1.29 % 0.30 USDT,-0.75 % 0.29 USDT
DOTUSDT,Long,8.229 USDT,4.2,34.56 USDT,0.18 USDT,0.51 %,12/29/2023 17:00 UTC,12/29/2023 17:25 UTC,0.73 % 8.29 USDT,-0.57 % 8.18 USDT
EOSUSDT,Long,0.842 USDT,41.6,35.03 USDT,0.06 USDT,0.18 %,12/29/2023 17:00 UTC,12/29/2023 17:24 UTC,0.59 % 0.85 USDT,-0.59 % 0.84 USDT
LTCUSDT,Long,74.01 USDT,0.472,34.93 USDT,0.18 USDT,0.51 %,12/29/2023 17:15 UTC,12/29/2023 17:24 UTC,0.76 % 74.57 USDT,
APEUSDT,Long,1.701 USDT,20,34.02 USDT,-0.78 USDT,-2.29 %,12/29/2023 16:00 UTC,12/29/2023 17:07 UTC,0.18 % 1.70 USDT,-2.41 % 1.66 USDT
ATOMUSDT,Long,11.128 USDT,3.14,34.94 USDT,-0.77 USDT,-2.22 %,12/29/2023 16:01 UTC,12/29/2023 16:58 UTC,0.39 % 11.17 USDT,-2.41 % 10.86 USDT
DASHUSDT,Long,33.31 USDT,1.052,35.04 USDT,-0.83 USDT,-2.37 %,12/29/2023 16:16 UTC,12/29/2023 16:50 UTC,,-2.49 % 32.48 USDT
ENJUSDT,Long,0.378 USDT,92,34.80 USDT,0.08 USDT,0.23 %,12/29/2023 16:15 UTC,12/29/2023 16:36 UTC,0.58 % 0.38 USDT,-1.24 % 0.37 USDT
ADAUSDT,Long,0.601 USDT,58,34.86 USDT,0.18 USDT,0.51 %,12/29/2023 16:16 UTC,12/29/2023 16:33 UTC,0.78 % 0.61 USDT,-0.90 % 0.60 USDT
XMRUSDT,Long,168.58 USDT,0.118,19.89 USDT,0.13 USDT,0.65 %,12/29/2023 13:00 UTC,12/29/2023 14:22 UTC,0.87 % 170.04 USDT,-0.84 % 167.17 USDT
ZENUSDT,Long,10.421 USDT,1.9,19.80 USDT,-0.40 USDT,-2.00 %,12/29/2023 09:01 UTC,12/29/2023 09:37 UTC,,-2.46 % 10.16 USDT
DASHUSDT,Long,35.36 USDT,0.565,19.98 USDT,0.14 USDT,0.70 %,12/29/2023 09:15 UTC,12/29/2023 09:19 UTC,0.79 % 35.64 USDT,-0.03 % 35.35 USDT
NEOUSDT,Long,13.316 USDT,1.5,19.97 USDT,0.37 USDT,1.86 %,12/29/2023 01:31 UTC,12/29/2023 03:01 UTC,2.23 % 13.61 USDT,-1.11 % 13.17 USDT
MINAUSDT,Long,1.217 USDT,16,19.47 USDT,0.33 USDT,1.68 %,12/29/2023 01:31 UTC,12/29/2023 02:41 UTC,1.97 % 1.24 USDT,-1.15 % 1.20 USDT
XTZUSDT,Long,1.031 USDT,19.4,20.00 USDT,0.14 USDT,0.72 %,12/29/2023 01:31 UTC,12/29/2023 02:38 UTC,1.16 % 1.04 USDT,-0.87 % 1.02 USDT
SUIUSDT,Long,0.771 USDT,25.9,19.96 USDT,0.09 USDT,0.46 %,12/29/2023 01:31 UTC,12/29/2023 02:01 UTC,0.71 % 0.78 USDT,-1.26 % 0.76 USDT
BSVUSDT,Long,81.78 USDT,0.2,16.36 USDT,-0.27 USDT,-1.65 %,12/29/2023 01:31 UTC,12/29/2023 01:32 UTC,,-3.40 % 79.00 USDT
DGBUSDT,Long,0.01 USDT,"2,105",20.00 USDT,0.09 USDT,0.47 %,12/29/2023 01:01 UTC,12/29/2023 01:20 UTC,0.84 % 0.01 USDT,-0.32 % 0.01 USDT
IOTAUSDT,Long,0.278 USDT,237.4,66.07 USDT,0.32 USDT,0.48 %,12/28/2023 14:30 UTC,12/28/2023 15:14 UTC,0.72 % 0.28 USDT,-1.26 % 0.27 USDT
XTZUSDT,Long,1.041 USDT,19.2,19.99 USDT,0.18 USDT,0.90 %,12/28/2023 14:46 UTC,12/28/2023 14:49 UTC,1.25 % 1.05 USDT,
SOLUSDT,Long,110.827 USDT,1,110.83 USDT,-3.96 USDT,-3.57 %,12/27/2023 14:10 UTC,12/27/2023 16:18 UTC,0.01 % 110.83 USDT,-3.99 % 106.40 USDT
ICPUSDT,Long,9.001 USDT,1,9.00 USDT,0.08 USDT,0.85 %,12/27/2023 02:26 UTC,12/27/2023 10:47 UTC,1.20 % 9.11 USDT,-2.70 % 8.76 USDT
ATOMUSDT,Long,11.418 USDT,0.76,8.68 USDT,0.06 USDT,0.74 %,12/27/2023 02:15 UTC,12/27/2023 08:48 UTC,1.04 % 11.54 USDT,-2.26 % 11.16 USDT
NEOUSDT,Long,13.471 USDT,0.64,8.62 USDT,0.10 USDT,1.16 %,12/27/2023 02:31 UTC,12/27/2023 08:47 UTC,1.45 % 13.67 USDT,-3.14 % 13.05 USDT
DASHUSDT,Long,35.56 USDT,0.246,8.75 USDT,0.05 USDT,0.56 %,12/27/2023 02:06 UTC,12/27/2023 08:39 UTC,0.67 % 35.80 USDT,-3.09 % 34.46 USDT
ZENUSDT,Long,10.812 USDT,0.8,8.65 USDT,0.06 USDT,0.71 %,12/27/2023 02:30 UTC,12/27/2023 08:16 UTC,0.82 % 10.90 USDT,-3.07 % 10.48 USDT
XLMUSDT,Long,0.125 USDT,69,8.65 USDT,0.06 USDT,0.68 %,12/27/2023 02:46 UTC,12/27/2023 06:59 UTC,0.75 % 0.13 USDT,-1.14 % 0.12 USDT
BATUSDT,Long,0.26 USDT,33.7,8.75 USDT,0.04 USDT,0.40 %,12/27/2023 01:30 UTC,12/27/2023 06:58 UTC,0.77 % 0.26 USDT,-3.93 % 0.25 USDT
XEMUSDT,Long,0.038 USDT,229,8.75 USDT,0.02 USDT,0.20 %,12/27/2023 02:46 UTC,12/27/2023 06:47 UTC,0.79 % 0.04 USDT,-2.09 % 0.04 USDT
BNBUSDT,Long,290.71 USDT,0.03,8.72 USDT,0.12 USDT,1.40 %,12/27/2023 02:16 UTC,12/27/2023 06:47 UTC,1.61 % 295.39 USDT,-1.96 % 285.00 USDT
XMRUSDT,Long,174.96 USDT,0.28,48.99 USDT,0.25 USDT,0.52 %,12/26/2023 15:05 UTC,12/27/2023 06:47 UTC,0.75 % 176.28 USDT,-2.65 % 170.32 USDT
DGBUSDT,Long,0.01 USDT,905,8.74 USDT,0.07 USDT,0.77 %,12/27/2023 02:26 UTC,12/27/2023 06:11 UTC,1.14 % 0.01 USDT,-2.38 % 0.01 USDT
IOTAUSDT,Long,0.272 USDT,32.2,8.74 USDT,0.05 USDT,0.60 %,12/27/2023 02:31 UTC,12/27/2023 06:03 UTC,0.85 % 0.27 USDT,-1.88 % 0.27 USDT
APEUSDT,Long,1.681 USDT,5,8.41 USDT,0.04 USDT,0.48 %,12/27/2023 02:46 UTC,12/27/2023 05:17 UTC,0.71 % 1.69 USDT,-1.55 % 1.66 USDT
EOSUSDT,Long,0.851 USDT,10.2,8.68 USDT,0.05 USDT,0.53 %,12/27/2023 02:35 UTC,12/27/2023 05:17 UTC,0.82 % 0.86 USDT,-1.88 % 0.84 USDT
ADAUSDT,Long,0.595 USDT,14,8.33 USDT,0.04 USDT,0.49 %,12/27/2023 02:41 UTC,12/27/2023 05:14 UTC,0.77 % 0.60 USDT,-1.80 % 0.58 USDT
MINAUSDT,Long,1.358 USDT,6,8.15 USDT,-0.01 USDT,-0.14 %,12/27/2023 05:01 UTC,12/27/2023 05:05 UTC,0.55 % 1.37 USDT,-0.80 % 1.35 USDT
ENJUSDT,Long,0.401 USDT,21,8.42 USDT,-0.33 USDT,-3.90 %,12/27/2023 01:17 UTC,12/27/2023 02:58 UTC,0.07 % 0.40 USDT,-4.16 % 0.38 USDT
BNBUSDT,Long,293.89 USDT,0.02,5.88 USDT,0.03 USDT,0.58 %,12/26/2023 23:00 UTC,12/26/2023 23:25 UTC,0.88 % 296.48 USDT,-0.33 % 292.93 USDT
ZENUSDT,Long,10.519 USDT,4.6,48.39 USDT,1.21 USDT,2.51 %,12/26/2023 17:42 UTC,12/26/2023 18:07 UTC,3.01 % 10.84 USDT,-0.27 % 10.49 USDT
MINAUSDT,Long,1.11 USDT,44,48.82 USDT,0.78 USDT,1.59 %,12/26/2023 17:42 UTC,12/26/2023 17:46 UTC,2.36 % 1.14 USDT,-0.47 % 1.10 USDT
BNBUSDT,Long,288.88 USDT,0.16,46.22 USDT,0.39 USDT,0.84 %,12/26/2023 17:42 UTC,12/26/2023 17:45 UTC,1.37 % 292.84 USDT,-0.14 % 288.49 USDT
ENJUSDT,Long,0.406 USDT,120,48.76 USDT,-2.64 USDT,-5.42 %,12/26/2023 17:25 UTC,12/26/2023 17:40 UTC,,-7.83 % 0.37 USDT
SOLUSDT,Long,109.52 USDT,1,109.52 USDT,-4.93 USDT,-4.51 %,12/26/2023 17:26 UTC,12/26/2023 17:40 UTC,,-6.57 % 102.33 USDT
BATUSDT,Long,0.268 USDT,183.2,49.04 USDT,-3.91 USDT,-7.98 %,12/26/2023 14:11 UTC,12/26/2023 17:40 UTC,0.52 % 0.27 USDT,-10.72 % 0.24 USDT
ATOMUSDT,Long,11.802 USDT,4.15,48.98 USDT,0.22 USDT,0.44 %,12/26/2023 16:01 UTC,12/26/2023 16:20 UTC,0.75 % 11.89 USDT,-0.48 % 11.74 USDT
SOLUSDT,Long,111.223 USDT,1,111.22 USDT,0.57 USDT,0.51 %,12/26/2023 16:00 UTC,12/26/2023 16:19 UTC,0.70 % 112.00 USDT,-1.05 % 110.06 USDT
XEMUSDT,Long,0.039 USDT,"1,256",49.11 USDT,0.10 USDT,0.20 %,12/26/2023 15:15 UTC,12/26/2023 15:27 UTC,0.77 % 0.04 USDT,
BTCUSDT,Short,"42,090.046 USDT",0.836,"-35,187.28 USDT","-1,408.91 USDT",-4.00 %,12/05/2023 14:41 UTC,12/07/2023 08:50 UTC,,"-5.14 % 44,372 USDT"
BTCUSDT,Short,"42,114.7 USDT",0.25,"10,528.68 USDT",5.99 USDT,0.06 %,12/05/2023 14:41 UTC,12/05/2023 14:41 UTC,,
LTCUSDT,Short,72.02 USDT,100,"-7,202.00 USDT",7.68 USDT,0.11 %,12/05/2023 14:35 UTC,12/05/2023 14:40 UTC,0.11 % 71.94 USDT,
LTCUSDT,Long,71.697 USDT,150,"10,754.50 USDT",19.54 USDT,0.18 %,12/05/2023 14:13 UTC,12/05/2023 14:21 UTC,0.30 % 71.91 USDT,-0.12 % 71.61 USDT
LTCUSDT,Short,72.047 USDT,300,"-21,614.00 USDT",34.04 USDT,0.16 %,12/05/2023 12:32 UTC,12/05/2023 13:47 UTC,0.19 % 71.91 USDT,-0.31 % 72.27 USDT
LTCUSDT,Short,73.32 USDT,50,"-3,666.00 USDT",0.30 USDT,0.01 %,11/10/2023 23:22 UTC,11/10/2023 23:23 UTC,,
LTCUSDT,Short,73.538 USDT,200,"-14,707.50 USDT",22.68 USDT,0.15 %,11/10/2023 23:16 UTC,11/10/2023 23:21 UTC,0.11 % 73.46 USDT,
LTCUSDT,Long,73.217 USDT,29.468,"2,157.55 USDT",8.52 USDT,0.40 %,11/10/2023 07:17 UTC,11/10/2023 23:16 UTC,0.51 % 73.59 USDT,-3.45 % 70.69 USDT
LTCUSDT,Short,73.934 USDT,25.461,"-1,882.45 USDT",9.68 USDT,0.51 %,11/10/2023 05:43 UTC,11/10/2023 06:55 UTC,0.66 % 73.45 USDT,-0.18 % 74.07 USDT
LTCUSDT,Long,71.445 USDT,22.77,"1,626.80 USDT",18.26 USDT,1.12 %,11/09/2023 16:12 UTC,11/09/2023 22:50 UTC,1.27 % 72.35 USDT,-5.89 % 67.24 USDT
LTCUSDT,Short,75.06 USDT,15,"1,125.90 USDT",31.73 USDT,2.82 %,11/09/2023 15:56 UTC,11/09/2023 16:12 UTC,2.23 % 73.42 USDT,-0.05 % 75.10 USDT
LTCUSDT,Short,75.681 USDT,18.716,"-1,416.45 USDT",11.53 USDT,0.81 %,11/09/2023 14:34 UTC,11/09/2023 15:55 UTC,1.14 % 74.83 USDT,-0.62 % 76.15 USDT
LTCUSDT,Long,67.582 USDT,241.253,"16,304.47 USDT",25.63 USDT,0.16 %,10/29/2023 07:21 UTC,10/29/2023 07:45 UTC,0.23 % 67.74 USDT,-0.02 % 67.57 USDT
LTCUSDT,Long,67.38 USDT,"1,000","67,380.00 USDT",179.48 USDT,0.27 %,10/29/2023 02:23 UTC,10/29/2023 06:45 UTC,0.36 % 67.62 USDT,-0.36 % 67.14 USDT
LTCUSDT,Long,67.692 USDT,"1,250","84,614.77 USDT",167.96 USDT,0.20 %,10/28/2023 20:02 UTC,10/28/2023 20:31 UTC,0.29 % 67.89 USDT,
LTCUSDT,Short,68.25 USDT,"1,000","-68,250.00 USDT",209.12 USDT,0.31 %,10/28/2023 16:48 UTC,10/28/2023 19:15 UTC,0.44 % 67.95 USDT,-0.07 % 68.30 USDT
LTCUSDT,Long,67.767 USDT,"3,334.659","225,979.05 USDT","1,456 USDT",0.64 %,10/27/2023 14:13 UTC,10/28/2023 16:48 UTC,0.99 % 68.44 USDT,-4.79 % 64.52 USDT
LTCUSDT,Short,68.48 USDT,500,"34,240.00 USDT",174.51 USDT,0.51 %,10/27/2023 14:01 UTC,10/27/2023 14:13 UTC,0.44 % 68.18 USDT,
LTCUSDT,Short,66.618 USDT,187.862,"-12,515.04 USDT",-417.50 USDT,-3.34 %,10/23/2023 17:33 UTC,10/25/2023 10:42 UTC,,-8.15 % 72.53 USDT
LTCUSDT,Short,61.787 USDT,300,"-18,536.00 USDT",68.90 USDT,0.37 %,10/14/2023 15:53 UTC,10/15/2023 00:24 UTC,0.43 % 61.52 USDT,-0.18 % 61.90 USDT
LTCUSDT,Long,61.48 USDT,400,"24,592.00 USDT",33.23 USDT,0.14 %,10/14/2023 11:32 UTC,10/14/2023 15:39 UTC,0.21 % 61.61 USDT,-0.08 % 61.43 USDT
LTCUSDT,Long,61.35 USDT,100,"6,135.00 USDT",6.32 USDT,0.10 %,10/11/2023 18:15 UTC,10/11/2023 18:31 UTC,0.20 % 61.47 USDT,
LTCUSDT,Long,61.267 USDT,300,"18,380.00 USDT",25.96 USDT,0.14 %,10/11/2023 17:17 UTC,10/11/2023 18:02 UTC,0.27 % 61.43 USDT,-0.19 % 61.15 USDT
LTCUSDT,Long,63.96 USDT,100,"6,396.00 USDT",29.10 USDT,0.46 %,10/04/2023 17:59 UTC,10/04/2023 21:35 UTC,0.72 % 64.42 USDT,-0.39 % 63.71 USDT
LTCUSDT,Long,64.091 USDT,550,"35,250.00 USDT",60.83 USDT,0.17 %,10/04/2023 15:22 UTC,10/04/2023 16:33 UTC,0.25 % 64.25 USDT,-0.33 % 63.88 USDT
LTCUSDT,Long,63.945 USDT,100,"6,394.50 USDT",12.66 USDT,0.20 %,10/04/2023 14:00 UTC,10/04/2023 15:11 UTC,0.29 % 64.13 USDT,-0.18 % 63.83 USDT
LTCUSDT,Long,64.432 USDT,760.682,"49,012.46 USDT",57.88 USDT,0.12 %,10/04/2023 10:52 UTC,10/04/2023 12:38 UTC,0.20 % 64.56 USDT,-0.24 % 64.28 USDT
LTCUSDT,Long,64.48 USDT,450,"29,016.00 USDT",15.89 USDT,0.05 %,10/04/2023 10:26 UTC,10/04/2023 10:36 UTC,0.16 % 64.58 USDT,-0.06 % 64.44 USDT
LTCUSDT,Long,64.505 USDT,410.485,"26,478.50 USDT",22.93 USDT,0.09 %,10/04/2023 08:55 UTC,10/04/2023 10:21 UTC,0.16 % 64.61 USDT,-0.13 % 64.42 USDT
LTCUSDT,Long,64.355 USDT,300,"19,306.50 USDT",61.89 USDT,0.32 %,10/04/2023 07:29 UTC,10/04/2023 08:47 UTC,0.52 % 64.69 USDT,-0.07 % 64.31 USDT
LTCUSDT,Short,65.857 USDT,450,"-29,635.50 USDT",93.25 USDT,0.31 %,10/03/2023 20:23 UTC,10/03/2023 21:19 UTC,0.33 % 65.64 USDT,-0.04 % 65.88 USDT
LTCUSDT,Long,65.558 USDT,475,"31,140.00 USDT",105.30 USDT,0.34 %,10/03/2023 18:44 UTC,10/03/2023 20:22 UTC,0.42 % 65.83 USDT,-0.39 % 65.30 USDT
LTCUSDT,Short,65.773 USDT,450,"-29,598.00 USDT",69.27 USDT,0.23 %,10/03/2023 18:11 UTC,10/03/2023 18:44 UTC,0.36 % 65.54 USDT,
LTCUSDT,Short,64.732 USDT,300,"-19,419.50 USDT",-365.26 USDT,-1.88 %,09/28/2023 14:49 UTC,09/29/2023 09:13 UTC,0.39 % 64.48 USDT,-2.53 % 66.41 USDT
LTCUSDT,Long,64.246 USDT,"1,000","64,301.13 USDT",-46.13 USDT,-0.07 %,09/27/2023 14:00 UTC,09/28/2023 14:48 UTC,0.18 % 64.36 USDT,-1.94 % 63.00 USDT
LTCUSDT,Short,64.96 USDT,900,"-58,464.00 USDT",433.05 USDT,0.74 %,09/27/2023 10:27 UTC,09/27/2023 13:53 UTC,0.57 % 64.59 USDT,-0.72 % 65.43 USDT
LTCUSDT,Long,63.781 USDT,"1,150","73,642.50 USDT",314.35 USDT,0.43 %,09/26/2023 12:55 UTC,09/27/2023 09:53 UTC,0.89 % 64.35 USDT,-1.22 % 63.00 USDT
LTCUSDT,Short,64.405 USDT,300,"-19,321.50 USDT",55.79 USDT,0.29 %,09/26/2023 11:40 UTC,09/26/2023 12:46 UTC,0.33 % 64.19 USDT,
LTCUSDT,Long,64.278 USDT,600,"38,566.50 USDT",8.35 USDT,0.02 %,09/26/2023 10:10 UTC,09/26/2023 11:22 UTC,0.10 % 64.34 USDT,-0.17 % 64.17 USDT
LTCUSDT,Long,64.263 USDT,450,"28,918.50 USDT",62.13 USDT,0.21 %,09/26/2023 09:11 UTC,09/26/2023 09:46 UTC,0.43 % 64.54 USDT,-0.08 % 64.21 USDT
LTCUSDT,Short,64.43 USDT,600,"-38,658.00 USDT",60.83 USDT,0.16 %,09/26/2023 07:36 UTC,09/26/2023 09:09 UTC,0.20 % 64.30 USDT,-0.05 % 64.46 USDT
LTCUSDT,Short,64.79 USDT,450,"-29,155.50 USDT",193.04 USDT,0.66 %,09/26/2023 03:37 UTC,09/26/2023 07:27 UTC,0.78 % 64.29 USDT,-0.17 % 64.90 USDT
LTCUSDT,Short,64.585 USDT,"1,200","-77,502.00 USDT",205.19 USDT,0.26 %,09/25/2023 15:26 UTC,09/25/2023 20:29 UTC,0.40 % 64.33 USDT,-0.59 % 64.97 USDT
LTCUSDT,Long,64.227 USDT,700,"44,959.00 USDT",191.96 USDT,0.43 %,09/25/2023 08:22 UTC,09/25/2023 15:21 UTC,0.53 % 64.57 USDT,-0.63 % 63.82 USDT
LTCUSDT,Short,64.498 USDT,600,"-38,698.50 USDT",91.30 USDT,0.24 %,09/25/2023 07:53 UTC,09/25/2023 08:21 UTC,0.28 % 64.32 USDT,
LTCUSDT,Long,64.245 USDT,"1,000","64,245.00 USDT",375.45 USDT,0.58 %,09/24/2023 19:17 UTC,09/25/2023 07:50 UTC,0.69 % 64.69 USDT,-2.72 % 62.50 USDT
LTCUSDT,Short,64.75 USDT,"1,000","-64,750.00 USDT",166.19 USDT,0.26 %,09/24/2023 15:57 UTC,09/24/2023 18:30 UTC,0.31 % 64.55 USDT,-0.29 % 64.94 USDT
LTCUSDT,Short,64.708 USDT,"1,250","-80,885.50 USDT",193.44 USDT,0.24 %,09/23/2023 06:35 UTC,09/24/2023 15:36 UTC,0.46 % 64.41 USDT,-0.74 % 65.19 USDT
LTCUSDT,Long,64.22 USDT,150,"9,633.00 USDT",15.21 USDT,0.16 %,09/22/2023 22:50 UTC,09/22/2023 22:56 UTC,0.26 % 64.39 USDT,
LTCUSDT,Short,64.432 USDT,699.557,"-45,073.97 USDT",56.79 USDT,0.13 %,09/22/2023 21:45 UTC,09/22/2023 22:35 UTC,0.19 % 64.31 USDT,-0.12 % 64.51 USDT
LTCUSDT,Long,64.11 USDT,300,"19,233.00 USDT",85.87 USDT,0.45 %,09/22/2023 20:33 UTC,09/22/2023 21:45 UTC,0.59 % 64.49 USDT,-0.16 % 64.01 USDT
LTCUSDT,Short,61.276 USDT,430,"-26,348.70 USDT",-665.98 USDT,-2.53 %,09/13/2023 12:50 UTC,09/15/2023 13:58 UTC,0.49 % 60.98 USDT,-2.61 % 62.92 USDT
LTCUSDT,Long,60.88 USDT,50,"3,044.00 USDT",8.17 USDT,0.27 %,09/13/2023 12:46 UTC,09/13/2023 12:50 UTC,0.59 % 61.24 USDT,
LTCUSDT,Short,61.31 USDT,50,"3,065.50 USDT",19.17 USDT,0.63 %,09/13/2023 11:59 UTC,09/13/2023 12:46 UTC,0.72 % 60.87 USDT,
LTCUSDT,Long,61.08 USDT,"1,150","70,554.00 USDT",-184.76 USDT,-0.26 %,09/10/2023 06:13 UTC,09/13/2023 11:41 UTC,2.67 % 62.71 USDT,-5.66 % 57.62 USDT
LTCUSDT,Long,61.65 USDT,50,"3,082.50 USDT",9.15 USDT,0.30 %,09/10/2023 05:26 UTC,09/10/2023 05:57 UTC,0.41 % 61.90 USDT,
LTCUSDT,Short,62.897 USDT,750,"-47,173.00 USDT",551.58 USDT,1.17 %,09/09/2023 11:21 UTC,09/10/2023 05:25 UTC,2.56 % 61.33 USDT,-0.42 % 63.16 USDT
LTCUSDT,Long,62.65 USDT,350,"21,927.50 USDT",39.33 USDT,0.18 %,09/09/2023 08:11 UTC,09/09/2023 09:42 UTC,0.26 % 62.81 USDT,-0.10 % 62.59 USDT
LTCUSDT,Short,62.7 USDT,30.067,"1,885.20 USDT",-0.83 USDT,-0.04 %,09/09/2023 08:00 UTC,09/09/2023 08:01 UTC,,
LTCUSDT,Long,62.635 USDT,200,"12,527.00 USDT",8.08 USDT,0.06 %,09/09/2023 05:52 UTC,09/09/2023 08:00 UTC,0.15 % 62.73 USDT,-0.04 % 62.61 USDT
LTCUSDT,Short,62.762 USDT,200,"-12,552.50 USDT",18.98 USDT,0.15 %,09/09/2023 05:11 UTC,09/09/2023 05:52 UTC,0.20 % 62.64 USDT,-0.03 % 62.78 USDT
LTCUSDT,Long,62.516 USDT,700,"43,761.50 USDT",88.21 USDT,0.20 %,09/08/2023 15:42 UTC,09/09/2023 01:43 UTC,0.28 % 62.69 USDT,-0.47 % 62.22 USDT
LTCUSDT,Short,62.85 USDT,150,"-9,427.50 USDT",18.35 USDT,0.19 %,09/08/2023 13:50 UTC,09/08/2023 14:53 UTC,0.22 % 62.71 USDT,0.00 % 62.85 USDT
LTCUSDT,Long,62.692 USDT,250,"15,673.00 USDT",32.58 USDT,0.21 %,09/08/2023 13:16 UTC,09/08/2023 13:50 UTC,0.35 % 62.91 USDT,-0.07 % 62.65 USDT
LTCUSDT,Long,61.885 USDT,200,"12,377.00 USDT",81.55 USDT,0.66 %,09/08/2023 10:09 UTC,09/08/2023 10:31 UTC,0.96 % 62.48 USDT,-0.28 % 61.71 USDT
LTCUSDT,Short,63.729 USDT,700,"-44,610.55 USDT",71.23 USDT,0.16 %,09/07/2023 21:08 UTC,09/08/2023 05:26 UTC,0.50 % 63.41 USDT,-0.78 % 64.23 USDT
LTCUSDT,Long,62.852 USDT,200,"12,570.50 USDT",20.87 USDT,0.17 %,09/07/2023 18:26 UTC,09/07/2023 20:46 UTC,0.25 % 63.01 USDT,-0.24 % 62.70 USDT
LTCUSDT,Short,63.105 USDT,200,"-12,621.00 USDT",39.44 USDT,0.31 %,09/07/2023 18:00 UTC,09/07/2023 18:26 UTC,0.36 % 62.88 USDT,
LTCUSDT,Short,63.055 USDT,200,"-12,611.00 USDT",32.95 USDT,0.26 %,09/07/2023 16:42 UTC,09/07/2023 17:35 UTC,0.41 % 62.80 USDT,-0.13 % 63.14 USDT
LTCUSDT,Long,62.825 USDT,100,"6,282.50 USDT",17.47 USDT,0.28 %,09/07/2023 15:57 UTC,09/07/2023 16:34 UTC,0.36 % 63.05 USDT,-0.06 % 62.79 USDT
LTCUSDT,Long,62.78 USDT,250,"15,695.00 USDT",53.06 USDT,0.34 %,09/07/2023 11:38 UTC,09/07/2023 15:21 UTC,0.43 % 63.05 USDT,-0.57 % 62.42 USDT
LTCUSDT,Long,81.498 USDT,"1,200","97,797.50 USDT","-18,878.53 USDT",-19.30 %,08/15/2023 11:48 UTC,08/17/2023 21:42 UTC,0.58 % 81.97 USDT,-25.99 % 60.32 USDT
LTCUSDT,Long,83.879 USDT,"2,579.71","216,382.29 USDT","-3,616.51 USDT",-1.67 %,08/09/2023 13:21 UTC,08/14/2023 10:02 UTC,0.59 % 84.37 USDT,-3.50 % 80.94 USDT
LTCUSDT,Long,84.09 USDT,500,"42,045.00 USDT",149.72 USDT,0.36 %,08/09/2023 12:46 UTC,08/09/2023 12:58 UTC,0.49 % 84.50 USDT,-0.08 % 84.02 USDT
BCHUSDT,Long,236.31 USDT,150,"35,446.50 USDT",46.21 USDT,0.13 %,08/09/2023 12:38 UTC,08/09/2023 12:45 UTC,0.21 % 236.80 USDT,-0.04 % 236.22 USDT
BCHUSDT,Long,235.807 USDT,150,"35,371.00 USDT",58.75 USDT,0.17 %,08/09/2023 12:26 UTC,08/09/2023 12:38 UTC,0.26 % 236.43 USDT,-0.06 % 235.66 USDT
BCHUSDT,Short,240.252 USDT,"2,750","-660,692.57 USDT","4,186 USDT",0.63 %,08/08/2023 20:17 UTC,08/09/2023 00:07 UTC,0.99 % 237.90 USDT,-0.67 % 241.87 USDT
BCHUSDT,Long,237.746 USDT,10.554,"2,509.17 USDT",13.84 USDT,0.55 %,08/08/2023 20:06 UTC,08/08/2023 20:17 UTC,0.69 % 239.38 USDT,
BCHUSDT,Long,237.534 USDT,"2,008.217","477,020.82 USDT","1,284 USDT",0.27 %,08/08/2023 14:42 UTC,08/08/2023 15:39 UTC,0.40 % 238.49 USDT,-0.29 % 236.84 USDT
BCHUSDT,Long,237.316 USDT,300,"71,194.83 USDT",181.98 USDT,0.26 %,08/08/2023 14:36 UTC,08/08/2023 14:40 UTC,0.37 % 238.20 USDT,-0.04 % 237.21 USDT
BCHUSDT,Long,237.669 USDT,750,"178,251.70 USDT",358.71 USDT,0.20 %,08/08/2023 14:12 UTC,08/08/2023 14:24 UTC,0.29 % 238.35 USDT,-0.09 % 237.45 USDT
BLZUSDT,Short,0.052 USDT,"175,437","-9,193.55 USDT",78.72 USDT,0.86 %,08/08/2023 14:07 UTC,08/08/2023 14:11 UTC,0.80 % 0.05 USDT,
BCHUSDT,Long,238.085 USDT,650,"154,755.00 USDT",157.60 USDT,0.10 %,08/08/2023 14:03 UTC,08/08/2023 14:06 UTC,0.17 % 238.50 USDT,-0.13 % 237.77 USDT
BLZUSDT,Long,0.052 USDT,"538,492","28,089.18 USDT",210.37 USDT,0.75 %,08/08/2023 14:00 UTC,08/08/2023 14:05 UTC,1.15 % 0.05 USDT,-0.06 % 0.05 USDT
BLZUSDT,Long,0.052 USDT,"423,076","21,971.40 USDT",115.79 USDT,0.53 %,08/08/2023 13:52 UTC,08/08/2023 13:58 UTC,0.63 % 0.05 USDT,-0.20 % 0.05 USDT
BCHUSDT,Short,240.076 USDT,"2,750","-660,208.72 USDT","3,394 USDT",0.51 %,08/08/2023 11:12 UTC,08/08/2023 13:51 UTC,0.76 % 238.26 USDT,-3.09 % 247.73 USDT
BCHUSDT,Long,235.963 USDT,"1,976.275","466,328.47 USDT","1,483 USDT",0.32 %,08/08/2023 08:04 UTC,08/08/2023 10:41 UTC,0.39 % 236.89 USDT,-0.35 % 235.13 USDT
LTCUSDT,Long,82.427 USDT,"1,500","123,640.00 USDT",185.74 USDT,0.15 %,08/08/2023 08:04 UTC,08/08/2023 10:39 UTC,0.22 % 82.61 USDT,-0.34 % 82.15 USDT
LTCUSDT,Short,100.715 USDT,500,"50,357.50 USDT",172.34 USDT,0.34 %,07/14/2023 12:23 UTC,07/14/2023 12:38 UTC,0.39 % 100.32 USDT,
LTCUSDT,Long,95.49 USDT,500,"47,745.00 USDT",21.34 USDT,0.04 %,07/12/2023 20:56 UTC,07/12/2023 20:57 UTC,0.15 % 95.63 USDT,
LTCUSDT,Short,95.458 USDT,850,"-81,139.00 USDT",-42.22 USDT,-0.05 %,07/12/2023 20:37 UTC,07/12/2023 20:56 UTC,,-0.13 % 95.58 USDT
LTCUSDT,Short,76.647 USDT,750,"-57,485.00 USDT",-315.26 USDT,-0.55 %,06/19/2023 14:44 UTC,06/20/2023 13:45 UTC,0.41 % 76.33 USDT,-2.00 % 78.21 USDT
LTCUSDT,Long,95.995 USDT,274.274,"26,328.91 USDT",-776.66 USDT,-2.95 %,06/04/2023 13:35 UTC,06/05/2023 09:30 UTC,0.29 % 96.27 USDT,-4.06 % 92.10 USDT
LTCUSDT,Short,96.16 USDT,250,"24,040.00 USDT",25.59 USDT,0.11 %,06/04/2023 13:19 UTC,06/04/2023 13:33 UTC,0.10 % 96.06 USDT,
LTCUSDT,Long,91.098 USDT,"1,952.074","177,841.06 USDT","-6,828.53 USDT",-3.84 %,05/23/2023 16:50 UTC,05/26/2023 08:48 UTC,,
LTCUSDT,Short,91.373 USDT,"1,919.45","-175,386.29 USDT",238.56 USDT,0.14 %,05/23/2023 13:55 UTC,05/23/2023 16:42 UTC,,
LTCUSDT,Long,91.155 USDT,500,"45,577.50 USDT",15.24 USDT,0.03 %,05/23/2023 13:43 UTC,05/23/2023 13:51 UTC,,
LTCUSDT,Short,91.566 USDT,"1,883.745","-172,487.27 USDT",605.63 USDT,0.35 %,05/22/2023 21:32 UTC,05/23/2023 13:43 UTC,,
LTCUSDT,Long,90.785 USDT,"1,000","90,785.00 USDT",153.40 USDT,0.17 %,05/22/2023 17:57 UTC,05/22/2023 21:24 UTC,,
LTCUSDT,Long,90.738 USDT,920.394,"83,514.28 USDT",135.90 USDT,0.16 %,05/22/2023 17:03 UTC,05/22/2023 17:43 UTC,,
LTCUSDT,Short,91.314 USDT,250,"22,828.60 USDT",102.43 USDT,0.45 %,05/22/2023 16:15 UTC,05/22/2023 16:24 UTC,,
LTCUSDT,Long,91.063 USDT,950,"86,510.00 USDT",154.03 USDT,0.18 %,05/22/2023 14:46 UTC,05/22/2023 16:11 UTC,,
LTCUSDT,Short,91.44 USDT,253.171,"23,149.99 USDT",39.08 USDT,0.17 %,05/22/2023 14:36 UTC,05/22/2023 14:45 UTC,,
LTCUSDT,Long,91.129 USDT,"1,150","104,798.50 USDT",-170.18 USDT,-0.16 %,05/22/2023 11:20 UTC,05/22/2023 14:34 UTC,,
LTCUSDT,Short,91.381 USDT,"1,265.031","-115,597.54 USDT",56.19 USDT,0.05 %,05/22/2023 10:02 UTC,05/22/2023 11:16 UTC,,
LTCUSDT,Long,91.165 USDT,500,"45,582.50 USDT",40.13 USDT,0.09 %,05/22/2023 09:54 UTC,05/22/2023 10:01 UTC,,
LTCUSDT,Short,91.31 USDT,250,"22,827.50 USDT",8.69 USDT,0.04 %,05/22/2023 09:51 UTC,05/22/2023 09:53 UTC,,
LTCUSDT,Long,91.18 USDT,250,"22,795.00 USDT",31.31 USDT,0.14 %,05/22/2023 09:30 UTC,05/22/2023 09:46 UTC,,
LTCUSDT,Short,91.335 USDT,500,"-45,667.50 USDT",45.12 USDT,0.10 %,05/22/2023 09:17 UTC,05/22/2023 09:27 UTC,,
LTCUSDT,Long,88.01 USDT,235,"20,682.35 USDT","-1,381.76 USDT",-6.68 %,05/06/2023 01:30 UTC,05/08/2023 10:04 UTC,,
LTCUSDT,Short,88.63 USDT,230,"-20,384.90 USDT",37.10 USDT,0.18 %,05/05/2023 19:59 UTC,05/06/2023 00:06 UTC,,
